name,category,sets_count,in_lucide,in_phosphor,in_heroicons,in_material,prompt_hint,lucide_name,phosphor_name,heroicons_name,material_name
arrow-down,arrows,4,True,True,True,True,arrow down,arrow-down,arrow-down,arrow-down,arrow_downward
arrow-down-left,arrows,4,True,True,True,True,arrow down left,arrow-down-left,arrow-down-left,arrow-down-left,south_west
arrow-down-right,arrows,4,True,True,True,True,arrow down right,arrow-down-right,arrow-down-right,arrow-down-right,south_east
arrow-left,arrows,4,True,True,True,True,arrow left,arrow-left,arrow-left,arrow-left,arrow_back
arrow-up,arrows,4,True,True,True,True,arrow up,arrow-up,arrow-up,arrow-up,straight
arrow-up-left,arrows,4,True,True,True,True,arrow up left,arrow-up-left,arrow-up-left,arrow-up-left,north_west
banknote,arrows,4,True,True,True,True,banknote,banknote,money,banknotes,money
chevrons-up-down,arrows,4,True,True,True,True,chevrons up down,chevrons-up-down,caret-up-down,chevron-up-down,unfold_more
ellipsis,arrows,4,True,True,True,True,ellipsis,ellipsis,dots-three,ellipsis-horizontal,more_horiz
x,arrows,4,True,True,True,True,x,x,x,x-mark,clear
flame,buildings,4,True,True,True,True,flame,flame,fire,fire,propane
sun,buildings,4,True,True,True,True,sun,sun,sun,sun,brightness_auto
zap,buildings,4,True,True,True,True,bolt,bolt,lightning,bolt,offline_bolt
at-sign,communication,4,True,True,True,True,at sign,at-sign,at,at-symbol,alternate_email
circle-question-mark,communication,4,True,True,True,True,circle question mark,circle-question-mark,question,question-mark-circle,help
clock,communication,4,True,True,True,True,clock,clock,clock,clock,lock_clock
key,communication,4,True,True,True,True,key,key,key,key,generating_tokens
mail,communication,4,True,True,True,True,mail,mail,envelope,envelope,mark_as_unread
map-pin,communication,4,True,True,True,True,map pin,map-pin,map-pin,map-pin,room
message-circle,communication,4,True,True,True,True,message circle,message-circle,chat-centered,chat-bubble-bottom-center,perm_phone_msg
message-square,communication,4,True,True,True,True,message square,message-square,chat,chat-bubble-left,3p
messages-square,communication,4,True,True,True,True,messages square,messages-square,chats,chat-bubble-left-right,question_answer
phone,communication,4,True,True,True,True,phone,phone,phone,phone,call
phone-incoming,communication,4,True,True,True,True,phone incoming,phone-incoming,phone-incoming,phone-arrow-down-left,call_received
phone-off,communication,4,True,True,True,True,phone off,phone-off,phone-disconnect,phone-x-mark,settings_phone
phone-outgoing,communication,4,True,True,True,True,phone outgoing,phone-outgoing,phone-outgoing,phone-arrow-up-right,call_made
qr-code,communication,4,True,True,True,True,qr code,qr-code,qr-code,qr-code,qr_code
rss,communication,4,True,True,True,True,rss,rss,rss,rss,rss_feed
shield-check,communication,4,True,True,True,True,shield check,shield-check,shield-check,shield-check,assured_workload
smartphone,communication,4,True,True,True,True,smartphone,smartphone,device-mobile,device-phone-mobile,app_shortcut
video,communication,4,True,True,True,True,video,video,video,video-camera,featured_video
battery-full,devices,4,True,True,True,True,battery full,battery-full,battery-full,battery-100,battery_5_bar
battery-medium,devices,4,True,True,True,True,battery medium,battery-medium,battery-medium,battery-50,battery_3_bar
chevron-down,devices,4,True,True,True,True,chevron down,chevron-down,caret-down,chevron-down,keyboard_arrow_down
chevron-left,devices,4,True,True,True,True,chevron left,chevron-left,caret-left,chevron-left,keyboard_arrow_left
chevron-right,devices,4,True,True,True,True,chevron right,chevron-right,caret-right,chevron-right,keyboard_arrow_right
chevron-up,devices,4,True,True,True,True,chevron up,chevron-up,caret-up,chevron-up,keyboard_arrow_up
chevrons-down,devices,4,True,True,True,True,chevrons down,chevrons-down,caret-double-down,chevron-double-down,keyboard_double_arrow_down
chevrons-left,devices,4,True,True,True,True,chevrons left,chevrons-left,caret-double-left,chevron-double-left,keyboard_double_arrow_left
chevrons-right,devices,4,True,True,True,True,chevrons right,chevrons-right,caret-double-right,chevron-double-right,keyboard_double_arrow_right
chevrons-up,devices,4,True,True,True,True,chevrons up,chevrons-up,caret-double-up,chevron-double-up,keyboard_double_arrow_up
cpu,devices,4,True,True,True,True,cpu,cpu,cpu,cpu-chip,memory
database,devices,4,True,True,True,True,database,database,database,circle-stack,storage
tablet,devices,4,True,True,True,True,tablet,tablet,device-tablet,device-tablet,devices_fold
ticket,devices,4,True,True,True,True,ticket,ticket,ticket,ticket,airplane_ticket
tv,devices,4,True,True,True,True,tv,tv,television,tv,connected_tv
check,files-folders,4,True,True,True,True,check,check,check,check,done
circle-check,files-folders,4,True,True,True,True,circle check,circle-check,check-circle,check-circle,check_circle
cloud,files-folders,4,True,True,True,True,cloud,cloud,cloud,cloud,cloud
cloud-download,files-folders,4,True,True,True,True,cloud download,cloud-download,cloud-arrow-down,cloud-arrow-down,cloud_download
cloud-upload,files-folders,4,True,True,True,True,cloud upload,cloud-upload,cloud-arrow-up,cloud-arrow-up,cloud_upload
copy,files-folders,4,True,True,True,True,copy,copy,copy,document-duplicate,content_copy
download,files-folders,4,True,True,True,True,download,download,download,arrow-down-tray,get_app
file,files-folders,4,True,True,True,True,file,file,file,document,request_page
folder,files-folders,4,True,True,True,True,folder,folder,folder,folder,source
folder-open,files-folders,4,True,True,True,True,folder open,folder-open,folder-open,folder-open,folder_open
folder-plus,files-folders,4,True,True,True,True,folder plus,folder-plus,folder-plus,folder-plus,create_new_folder
layout-grid,files-folders,4,True,True,True,True,layout grid,layout-grid,diamonds-four,squares-2x2,widgets
newspaper,files-folders,4,True,True,True,True,newspaper,newspaper,newspaper,newspaper,newspaper
paperclip,files-folders,4,True,True,True,True,paperclip,paperclip,paperclip,paper-clip,file_present
upload,files-folders,4,True,True,True,True,upload,upload,upload,arrow-up-tray,file_upload
map,maps-travel,4,True,True,True,True,map,map,map-trifold,map,map
redo-2,maps-travel,4,True,True,True,True,redo 2,redo-2,arrow-arc-right,arrow-uturn-down,u_turn_right
undo-2,maps-travel,4,True,True,True,True,undo 2,undo-2,arrow-arc-left,arrow-uturn-left,u_turn_left
book-open,media,4,True,True,True,True,book open,book-open,book-open,book-open,book_online
circle-pause,media,4,True,True,True,True,circle pause,circle-pause,pause-circle,pause-circle,pause_circle
circle-play,media,4,True,True,True,True,circle play,circle-play,play-circle,play-circle,play_circle
circle-plus,media,4,True,True,True,True,circle plus,circle-plus,plus-circle,plus-circle,add_circle
circle-stop,media,4,True,True,True,True,circle stop,circle-stop,stop-circle,stop-circle,stop_circle
fast-forward,media,4,True,True,True,True,fast forward,fast-forward,fast-forward,forward,fast_forward
file-text,media,4,True,True,True,True,file text,file-text,article,document-currency-bangladeshi,article
image,media,4,True,True,True,True,image,image,image,photo,art_track
indian-rupee,media,4,True,True,True,True,indian rupee,indian-rupee,currency-inr,currency-rupee,currency_rupee
japanese-yen,media,4,True,True,True,True,japanese yen,japanese-yen,currency-cny,currency-yen,currency_yen
mic,media,4,True,True,True,True,mic,mic,microphone,microphone,record_voice_over
minus,media,4,True,True,True,True,line style,line-style,line-segment,minus,line_style
paintbrush,media,4,True,True,True,True,brush,brush,paint-brush,paint-brush,brush
pause,media,4,True,True,True,True,pause,pause,pause,pause,pause
pencil,media,4,True,True,True,True,pencil,pencil,pencil,pencil,create
pipette,media,4,True,True,True,True,pipette,pipette,eyedropper,eye-dropper,colorize
pound-sterling,media,4,True,True,True,True,pound sterling,pound-sterling,currency-gbp,currency-pound,currency_pound
radio,media,4,True,True,True,True,radio,radio,radio,radio,radio
rewind,media,4,True,True,True,True,rewind,rewind,rewind,backward,fast_rewind
sliders-horizontal,media,4,True,True,True,True,sliders horizontal,sliders-horizontal,faders-horizontal,adjustments-horizontal,tune
sliders-vertical,media,4,True,True,True,True,sliders vertical,sliders-vertical,equalizer,adjustments-vertical,equalizer
users,media,4,True,True,True,True,group,group,users,user-group,supervisor_account
video-off,media,4,True,True,True,True,video off,video-off,video-camera-slash,video-camera-slash,missed_video_call
volume-2,media,4,True,True,True,True,volume 2,volume-2,speaker-high,speaker-wave,volume_up
volume-x,media,4,True,True,True,True,volume x,volume-x,speaker-simple-x,speaker-x-mark,music_off
zap-off,media,4,True,True,True,True,zap off,zap-off,lightning-slash,bolt-slash,flash_off
cake,people,4,True,True,True,True,cake,cake,cake,cake,cake
plus,people,4,True,True,True,True,plus,plus,plus,plus,add
share,people,4,True,True,True,True,share,share,share,share,ios_share
trophy,people,4,True,True,True,True,trophy,trophy,trophy,trophy,sports_score
user-minus,people,4,True,True,True,True,user minus,user-minus,user-minus,user-minus,person_remove
user-plus,people,4,True,True,True,True,user plus,user-plus,user-plus,user-plus,group_add
bold,text-formatting,4,True,True,True,True,bold,bold,text-b,bold,format_bold
chart-pie,text-formatting,4,True,True,True,True,chart pie,chart-pie,chart-pie,chart-pie,pie_chart
dollar-sign,text-formatting,4,True,True,True,True,dollar sign,dollar-sign,currency-dollar,currency-dollar,attach_money
italic,text-formatting,4,True,True,True,True,italic,italic,text-italic,italic,format_italic
link,text-formatting,4,True,True,True,True,link,link,link,link,link
list-ordered,text-formatting,4,True,True,True,True,list ordered,list-ordered,list-numbers,numbered-list,format_list_numbered
scissors,text-formatting,4,True,True,True,True,scissors,scissors,scissors,scissors,content_cut
strikethrough,text-formatting,4,True,True,True,True,strikethrough,strikethrough,text-strikethrough,strikethrough,format_strikethrough
underline,text-formatting,4,True,True,True,True,underline,underline,text-a-underline,underline,format_underlined
arrow-right,ui-actions,4,True,True,True,True,arrow right,arrow-right,arrow-right,arrow-right,arrow_right_alt
arrow-up-right,ui-actions,4,True,True,True,True,arrow up right,arrow-up-right,arrow-up-right,arrow-up-right,arrow_outward
badge-check,ui-actions,4,True,True,True,True,badge check,badge-check,seal-check,check-badge,verified
ban,ui-actions,4,True,True,True,True,ban,ban,prohibit,no-symbol,not_interested
bookmark,ui-actions,4,True,True,True,True,bookmark,bookmark,bookmark,bookmark,bookmark
briefcase,ui-actions,4,True,True,True,True,briefcase,briefcase,briefcase,briefcase,card_travel
bug,ui-actions,4,True,True,True,True,bug,bug,bug,bug-ant,bug_report
calculator,ui-actions,4,True,True,True,True,calculator,calculator,calculator,calculator,calculate
calendar,ui-actions,4,True,True,True,True,calendar,calendar,calendar,calendar,calendar_month
calendar-days,ui-actions,4,True,True,True,True,calendar days,calendar-days,calendar-dots,calendar-days,event_note
camera,ui-actions,4,True,True,True,True,camera,camera,camera,camera,camera_enhance
chart-bar,ui-actions,4,True,True,True,True,chart bar,chart-bar,chart-bar,chart-bar,addchart
circle-alert,ui-actions,4,True,True,True,True,circle alert,circle-alert,warning-circle,exclamation-circle,error
circle-arrow-down,ui-actions,4,True,True,True,True,circle arrow down,circle-arrow-down,arrow-circle-down,arrow-down-circle,arrow_circle_down
circle-arrow-left,ui-actions,4,True,True,True,True,circle arrow left,circle-arrow-left,arrow-circle-left,arrow-left-circle,arrow_circle_left
circle-arrow-right,ui-actions,4,True,True,True,True,circle arrow right,circle-arrow-right,arrow-circle-right,arrow-right-circle,arrow_circle_right
circle-arrow-up,ui-actions,4,True,True,True,True,circle arrow up,circle-arrow-up,arrow-circle-up,arrow-up-circle,arrow_circle_up
circle-minus,ui-actions,4,True,True,True,True,circle minus,circle-minus,minus-circle,minus-circle,remove_circle
circle-user,ui-actions,4,True,True,True,True,circle user,circle-user,user-circle,user-circle,account_circle
circle-x,ui-actions,4,True,True,True,True,circle x,circle-x,x-circle,x-circle,highlight_off
code,ui-actions,4,True,True,True,True,code,code,code,code-bracket,code
cog,ui-actions,4,True,True,True,True,cog,cog,gear,cog,settings
credit-card,ui-actions,4,True,True,True,True,credit card,credit-card,credit-card,credit-card,add_card
delete,ui-actions,4,True,True,True,True,delete,delete,backspace,backspace,delete
euro,ui-actions,4,True,True,True,True,euro,euro,currency-eur,currency-euro,euro_symbol
expand,ui-actions,4,True,True,True,True,expand,expand,arrows-out,arrows-pointing-out,expand
external-link,ui-actions,4,True,True,True,True,external link,external-link,arrow-square-out,arrow-top-right-on-square,launch
eye,ui-actions,4,True,True,True,True,eye,eye,eye,eye,preview
eye-off,ui-actions,4,True,True,True,True,eye off,eye-off,eye-slash,eye-slash,visibility_off
file-plus,ui-actions,4,True,True,True,True,file plus,file-plus,file-plus,document-plus,note_add
file-search,ui-actions,4,True,True,True,True,file search,file-search,file-magnifying-glass,document-magnifying-glass,find_in_page
fingerprint,ui-actions,4,True,True,True,True,fingerprint pattern,fingerprint-pattern,fingerprint,finger-print,fingerprint
flag,ui-actions,4,True,True,True,True,flag,flag,flag,flag,tour
funnel,ui-actions,4,True,True,True,True,funnel,funnel,funnel,funnel,filter_alt
gift,ui-actions,4,True,True,True,True,gift,gift,gift,gift,card_giftcard
globe,ui-actions,4,True,True,True,True,earth,earth,globe,globe-alt,language
hash,ui-actions,4,True,True,True,True,hash,hash,hash,hashtag,123
heart,ui-actions,4,True,True,True,True,heart,heart,heart,heart,favorite
house,ui-actions,4,True,True,True,True,house,house,house,home,home
id-card,ui-actions,4,True,True,True,True,id card,id-card,identification-badge,identification,assignment_ind
info,ui-actions,4,True,True,True,True,info,info,info,information-circle,info
life-buoy,ui-actions,4,True,True,True,True,life buoy,life-buoy,lifebuoy,lifebuoy,help_center
link-off,ui-actions,4,True,True,True,True,link 2 off,link-2-off,link-break,link-slash,link_off
lock,ui-actions,4,True,True,True,True,lock,lock,lock,lock-closed,https
lock-open,ui-actions,4,True,True,True,True,lock open,lock-open,lock-open,lock-open,lock_open
mail-open,ui-actions,4,True,True,True,True,mail open,mail-open,envelope-open,envelope-open,drafts
monitor,ui-actions,4,True,True,True,True,computer,computer,desktop,computer-desktop,install_desktop
moon,ui-actions,4,True,True,True,True,moon,moon,moon,moon,nightlight_round
play,ui-actions,4,True,True,True,True,play,play,play,play,play_for_work
power,ui-actions,4,True,True,True,True,power,power,power,power,power_settings_new
printer,ui-actions,4,True,True,True,True,printer,printer,printer,printer,print
receipt,ui-actions,4,True,True,True,True,receipt,receipt,receipt,receipt-refund,receipt
refresh-cw,ui-actions,4,True,True,True,True,refresh cw,refresh-cw,arrow-clockwise,arrow-path,autorenew
search,ui-actions,4,True,True,True,True,search,search,magnifying-glass,magnifying-glass,search
send,ui-actions,4,True,True,True,True,send,send,paper-plane,paper-airplane,outgoing_mail
shopping-bag,ui-actions,4,True,True,True,True,shopping bag,shopping-bag,bag,shopping-bag,shopping_bag
shopping-cart,ui-actions,4,True,True,True,True,shopping cart,shopping-cart,shopping-cart,shopping-cart,add_shopping_cart
sparkles,ui-actions,4,True,True,True,True,sparkles,sparkles,shooting-star,sparkles,stars
star,ui-actions,4,True,True,True,True,star,star,star,star,grade
store,ui-actions,4,True,True,True,True,store,store,storefront,building-storefront,shop
table,ui-actions,4,True,True,True,True,file spreadsheet,file-spreadsheet,file-xls,table-cells,backup_table
tag,ui-actions,4,True,True,True,True,tag,tag,tag,tag,label
terminal,ui-actions,4,True,True,True,True,terminal,terminal,terminal,command-line,terminal
thumbs-down,ui-actions,4,True,True,True,True,thumbs down,thumbs-down,thumbs-down,hand-thumb-down,thumb_down
thumbs-up,ui-actions,4,True,True,True,True,thumbs up,thumbs-up,thumbs-up,hand-thumb-up,thumb_up
trash,ui-actions,4,True,True,True,True,trash,trash,trash,trash,delete_forever
trending-down,ui-actions,4,True,True,True,True,trending down,trending-down,chart-line-down,arrow-trending-down,trending_down
trending-up,ui-actions,4,True,True,True,True,trending up,trending-up,trend-up,arrow-trending-up,trending_up
triangle-alert,ui-actions,4,True,True,True,True,triangle alert,triangle-alert,exclamation-mark,exclamation-triangle,report_problem
user,ui-actions,4,True,True,True,True,user,user,user,user,perm_identity
wallet,ui-actions,4,True,True,True,True,wallet,wallet,cardholder,wallet,account_balance_wallet
wrench,ui-actions,4,True,True,True,True,wrench,wrench,wrench,wrench,build
zoom-in,ui-actions,4,True,True,True,True,zoom in,zoom-in,magnifying-glass-plus,magnifying-glass-plus,zoom_in
circle-chevron-down,arrows,3,True,True,False,True,circle chevron down,circle-chevron-down,caret-circle-down,,arrow_drop_down_circle
ellipsis-vertical,arrows,3,True,False,True,True,ellipsis vertical,ellipsis-vertical,,ellipsis-vertical,more_vert
navigation,arrows,3,True,True,False,True,navigation,navigation,navigation-arrow,,navigation
skip-back,arrows,3,True,True,False,True,skip back,skip-back,skip-back,,skip_previous
skip-forward,arrows,3,True,True,False,True,skip forward,skip-forward,skip-forward,,skip_next
square-pen,brands,3,True,True,True,False,square pen,square-pen,note-pencil,pencil-square,
baby,buildings,3,True,True,False,True,baby,baby,baby,,baby_changing_station
backpack,buildings,3,True,True,False,True,backpack,backpack,backpack,,backpack
beer,buildings,3,True,True,False,True,beer,beer,beer-bottle,,sports_bar
camera-off,buildings,3,True,True,False,True,camera off,camera-off,camera-slash,,no_photography
cloud-fog,buildings,3,True,True,False,True,cloud fog,cloud-fog,cloud-fog,,foggy
cloud-snow,buildings,3,True,True,False,True,cloud snow,cloud-snow,cloud-snow,,cloudy_snowing
concierge-bell,buildings,3,True,True,False,True,concierge bell,concierge-bell,call-bell,,room_service
fan,buildings,3,True,True,False,True,fan,fan,fan,,mode_fan_off
fire-extinguisher,buildings,3,True,True,False,True,fire extinguisher,fire-extinguisher,fire-extinguisher,,fire_extinguisher
footprints,buildings,3,True,True,False,True,footprints,footprints,footprints,,do_not_step
gauge,buildings,3,True,True,False,True,gauge,gauge,gauge,,speed
infinity,buildings,3,True,True,False,True,infinity,infinity,infinity,,all_inclusive
leaf,buildings,3,True,True,False,True,leaf,leaf,leaf,,eco
microwave,buildings,3,True,True,False,True,microwave,microwave,oven,,microwave
radio-tower,buildings,3,True,True,False,True,radio tower,radio-tower,broadcast,,broadcast_on_home
solar-panel,buildings,3,True,True,False,True,solar panel,solar-panel,solar-panel,,solar_power
sprout,buildings,3,True,True,False,True,sprout,sprout,plant,,grass
thermometer,buildings,3,True,True,False,True,thermometer,thermometer,thermometer,,device_thermostat
waves,buildings,3,True,True,False,True,line squiggle,line-squiggle,swimming-pool,,waves
arrow-left-right,communication,3,True,False,True,True,arrow left right,arrow-left-right,,arrows-right-left,compare_arrows
bell,communication,3,True,True,True,False,bell,bell,bell,bell,
building,communication,3,True,True,False,True,building,building,building,,domain_disabled
building-office,communication,3,False,True,True,True,business,,building-office,building-office,business
card-sim,communication,3,True,True,False,True,card sim,card-sim,sim-card,,no_sim
contrast,communication,3,True,True,False,True,contrast,contrast,circle-half,,invert_colors
grid-3x3,communication,3,True,True,False,True,grid 3x3,grid-3x3,dots-nine,,dialpad
hourglass,communication,3,True,True,False,True,hourglass,hourglass,hourglass,,hourglass_disabled
megaphone,communication,3,True,True,True,False,megaphone,megaphone,megaphone,megaphone,
merge,communication,3,True,True,False,True,merge,merge,arrows-merge,,call_merge
message-circle-more,communication,3,True,True,True,False,message circle more,message-circle-more,chat-centered-dots,chat-bubble-oval-left-ellipsis,
message-circle-off,communication,3,True,True,False,True,message circle off,message-circle-off,chat-centered-slash,,comments_disabled
message-square-more,communication,3,True,True,True,False,message square more,message-square-more,chat-teardrop-dots,chat-bubble-left-ellipsis,
message-square-text,communication,3,True,True,False,True,message square text,message-square-text,chat-teardrop-text,,comment_bank
monitor-smartphone,communication,3,True,True,False,True,monitor smartphone,monitor-smartphone,devices,,important_devices
network,communication,3,True,True,False,True,network,network,network,,hub
phone-call,communication,3,True,True,False,True,phone call,phone-call,phone-call,,ring_volume
presentation,communication,3,True,True,False,True,presentation,presentation,chalkboard,,co_present
scan,communication,3,True,True,False,True,scan,scan,frame-corners,,document_scanner
smiley,communication,3,False,True,True,True,face,,lego-smiley,face-smile,face
split,communication,3,True,True,False,True,split,split,arrows-split,,call_split
voicemail,communication,3,True,True,False,True,voicemail,voicemail,voicemail,,voicemail
wifi-off,communication,3,True,True,False,True,wifi off,wifi-off,wifi-slash,,portable_wifi_off
circle-ellipsis,connectivity,3,True,True,True,False,circle ellipsis,circle-ellipsis,dots-three-circle,ellipsis-horizontal-circle,
alarm-clock,devices,3,True,True,False,True,alarm clock,alarm-clock,alarm,,alarm
audio-waveform,devices,3,True,True,False,True,audio waveform,audio-waveform,waveform,,graphic_eq
battery-charging,devices,3,True,True,False,True,battery charging,battery-charging,battery-charging,,battery_charging_full
battery-empty,devices,3,False,True,True,True,battery 0 bar,,battery-empty,battery-0,battery_0_bar
battery-low,devices,3,True,True,False,True,battery low,battery-low,battery-low,,battery_1_bar
battery-plus,devices,3,True,True,False,True,battery plus,battery-plus,battery-plus,,battery_saver
battery-warning,devices,3,True,True,False,True,battery warning,battery-warning,battery-warning,,battery_alert
blocks,devices,3,True,True,False,True,blocks,blocks,lego,,toys
bluetooth-connected,devices,3,True,True,False,True,bluetooth connected,bluetooth-connected,bluetooth-connected,,bluetooth_connected
bluetooth-off,devices,3,True,True,False,True,bluetooth off,bluetooth-off,bluetooth-slash,,bluetooth_disabled
cast,devices,3,True,True,False,True,cast,cast,screencast,,cast
command,devices,3,True,True,False,True,command,command,command,,keyboard_command_key
corner-down-left,devices,3,True,True,False,True,corner down left,corner-down-left,key-return,,keyboard_return
crosshair,devices,3,True,True,False,True,crosshair,crosshair,crosshair,,gps_fixed
flashlight,devices,3,True,True,False,True,flashlight,flashlight,flashlight,,flashlight_on
gamepad-2,devices,3,True,True,False,True,gamepad,gamepad,game-controller,,games
hd,devices,3,True,True,False,True,hd,hd,high-definition,,hd
headphones,devices,3,True,True,False,True,headphones,headphones,headphones,,earbuds
headset,devices,3,True,True,False,True,headset,headset,headset,,headset
heart-pulse,devices,3,True,True,False,True,heart pulse,heart-pulse,heartbeat,,monitor_heart
keyboard,devices,3,True,True,False,True,keyboard,keyboard,keyboard,,keyboard
laptop,devices,3,True,True,False,True,laptop,laptop,laptop,,laptop
locate,devices,3,True,True,False,True,locate,locate,gps,,gps_not_fixed
locate-off,devices,3,True,True,False,True,locate off,locate-off,gps-slash,,gps_off
mouse,devices,3,True,True,False,True,mouse,mouse,mouse,,mouse
option,devices,3,True,True,False,True,option,option,option,,keyboard_option_key
pill,devices,3,True,True,False,True,pill,pill,pill,,medication
pin,devices,3,True,True,False,True,pin,pin,push-pin,,pin_end
plane,devices,3,True,True,False,True,plane,plane,airplane,,airplanemode_active
signal,devices,3,True,False,True,True,signal,signal,,signal,5g
signal-high,devices,3,True,True,False,True,signal high,signal-high,cell-signal-full,,signal_cellular_3_bar
signal-low,devices,3,True,True,False,True,signal low,signal-low,cell-signal-low,,signal_cellular_1_bar
signal-medium,devices,3,True,True,False,True,signal medium,signal-medium,cell-signal-medium,,signal_cellular_2_bar
signal-slash,devices,3,False,True,True,True,signal cellular off,,cell-signal-slash,signal-slash,signal_cellular_off
signal-zero,devices,3,True,True,False,True,signal zero,signal-zero,cell-signal-none,,signal_cellular_0_bar
speaker,devices,3,True,True,False,True,speaker,speaker,speaker-hifi,,surround_sound
sun-dim,devices,3,True,True,False,True,sun dim,sun-dim,sun-dim,,brightness_low
timer,devices,3,True,True,False,True,timer,timer,timer,,av_timer
usb,devices,3,True,True,False,True,usb,usb,usb,,usb
watch,devices,3,True,True,False,True,watch,watch,watch,,watch
wifi-high,devices,3,True,True,False,True,wifi high,wifi-high,wifi-high,,network_wifi_3_bar
wifi-low,devices,3,True,True,False,True,wifi low,wifi-low,wifi-low,,network_wifi_1_bar
wind,devices,3,True,True,False,True,wind,wind,wind,,air
clipboard,files-folders,3,True,True,True,False,clipboard,clipboard,clipboard,clipboard,
cloud-check,files-folders,3,True,True,False,True,cloud check,cloud-check,cloud-check,,cloud_done
cloud-off,files-folders,3,True,True,False,True,cloud off,cloud-off,cloud-slash,,cloud_off
file-check,files-folders,3,True,False,True,True,file check,file-check,,document-check,file_download_done
file-up,files-folders,3,True,False,True,True,file up,file-up,,document-arrow-up,upload_file
file-x,files-folders,3,True,True,False,True,file x,file-x,file-x,,file_download_off
grid-2x2,files-folders,3,True,True,False,True,grid 2x2,grid-2x2,dots-six,,view_comfy_alt
receipt-text,files-folders,3,True,True,False,True,receipt text,receipt-text,invoice,,request_quote
briefcase-medical,maps-travel,3,True,True,False,True,briefcase medical,briefcase-medical,first-aid,,medical_services
bus,maps-travel,3,True,True,False,True,bus,bus,bus,,bus_alert
church,maps-travel,3,True,True,False,True,church,church,church,,church
croissant,maps-travel,3,True,True,False,True,croissant,croissant,bread,,bakery_dining
cross,maps-travel,3,True,True,False,True,cross,cross,cross,,local_pharmacy
diamond,maps-travel,3,True,True,False,True,diamond,diamond,diamond,,diamond
egg,maps-travel,3,True,True,False,True,egg,egg,egg,,egg
factory,maps-travel,3,True,True,False,True,factory,factory,factory,,factory
fuel,maps-travel,3,True,True,False,True,fuel,fuel,gas-can,,local_gas_station
hamburger,maps-travel,3,True,True,False,True,hamburger,hamburger,hamburger,,fastfood
hand-heart,maps-travel,3,True,True,False,True,hand heart,hand-heart,hand-heart,,volunteer_activism
hospital,maps-travel,3,True,True,False,True,hospital,hospital,hospital,,local_hospital
ice-cream-cone,maps-travel,3,True,True,False,True,ice cream cone,ice-cream-cone,ice-cream,,icecream
mailbox,maps-travel,3,True,True,False,True,mailbox,mailbox,mailbox,,local_post_office
map-pin-plus,maps-travel,3,True,True,False,True,map pin plus,map-pin-plus,map-pin-plus,,add_location
martini,maps-travel,3,True,True,False,True,martini,martini,martini,,local_bar
mosque,maps-travel,3,True,True,False,True,mosque,mosque,mosque,,mosque
motorbike,maps-travel,3,True,True,False,True,motorbike,motorbike,motorcycle,,two_wheeler
pizza,maps-travel,3,True,True,False,True,pizza,pizza,pizza,,local_pizza
plug-zap,maps-travel,3,True,True,False,True,ev charger,ev-charger,charging-station,,ev_station
sailboat,maps-travel,3,True,True,False,True,sailboat,sailboat,sailboat,,sailing
scooter,maps-travel,3,True,True,False,True,scooter,scooter,scooter,,bike_scooter
taxi,maps-travel,3,True,True,False,True,car taxi front,car-taxi-front,taxi,,local_taxi
tent,maps-travel,3,True,True,False,True,tent,tent,tent,,festival
trees,maps-travel,3,True,True,False,True,trees,trees,park,,forest
truck,maps-travel,3,True,True,True,False,truck,truck,truck,truck,
washing-machine,maps-travel,3,True,True,False,True,washing machine,washing-machine,washing-machine,,dry_cleaning
airplay,media,3,True,True,False,True,airplay,airplay,airplay,,airplay
app-window,media,3,True,True,False,True,app window,app-window,app-window,,web_asset
badge,media,3,True,True,False,True,badge,badge,seal,,branding_watermark
bitcoin,media,3,True,True,False,True,bitcoin,bitcoin,currency-btc,,currency_bitcoin
blend,media,3,True,True,False,True,blend,blend,gradient,,gradient
captions,media,3,True,True,False,True,captions,captions,closed-captioning,,closed_caption
circle,media,3,True,True,False,True,circle,circle,circle,,fiber_manual_record
circle-dashed,media,3,True,True,False,True,circle dashed,circle-dashed,circle-dashed,,lens_blur
crop,media,3,True,True,False,True,crop,crop,crop,,crop
droplet-off,media,3,True,True,False,True,droplet off,droplet-off,drop-slash,,blur_off
ear,media,3,True,True,False,True,ear,ear,ear,,hearing
ear-off,media,3,True,True,False,True,ear off,ear-off,ear-slash,,hearing_disabled
file-video-camera,media,3,True,True,False,True,file video camera,file-video-camera,file-video,,video_file
film,media,3,True,False,True,True,film,film,,film,movie
flip-horizontal-2,media,3,True,True,False,True,flip horizontal 2,flip-horizontal-2,flip-horizontal,,flip
flower,media,3,True,True,False,True,flower,flower,flower,,filter_vintage
image-off,media,3,True,True,False,True,image off,image-off,image-broken,,broken_image
images,media,3,True,True,False,True,images,images,images,,amp_stories
list-music,media,3,True,True,False,True,list music,list-music,playlist,,queue_music
list-plus,media,3,True,True,False,True,list plus,list-plus,list-plus,,add_to_queue
list-video,media,3,True,False,True,True,list video,list-video,,queue-list,featured_play_list
mic-off,media,3,True,True,False,True,mic off,mic-off,microphone-slash,,mic_off
music,media,3,True,True,False,True,music,music,music-note,,music_video
palette,media,3,True,True,False,True,palette,palette,palette,,color_lens
rainbow,media,3,True,True,False,True,rainbow,rainbow,rainbow,,looks
repeat,media,3,True,True,False,True,repeat,repeat,repeat,,loop
repeat-1,media,3,True,True,False,True,repeat 1,repeat-1,repeat-once,,repeat_one
russian-ruble,media,3,True,True,False,True,russian ruble,russian-ruble,currency-rub,,currency_ruble
shuffle,media,3,True,True,False,True,shuffle,shuffle,shuffle,,shuffle
square,media,3,True,True,False,True,square,square,square,,explicit
stop,media,3,False,True,True,True,stop,,stop,stop,stop
umbrella,media,3,True,True,False,True,parasol,parasol,umbrella,,wb_shade
volume,media,3,True,True,False,True,volume,volume,speaker-none,,volume_mute
volume-1,media,3,True,True,False,True,volume 1,volume-1,speaker-low,,volume_down
volume-off,media,3,True,True,False,True,volume off,volume-off,speaker-simple-slash,,volume_off
equal,misc,3,True,True,True,False,equal,equal,equals,equals,
graduation-cap,misc,3,True,True,True,False,graduation cap,graduation-cap,graduation-cap,academic-cap,
award,people,3,True,True,False,True,award,award,certificate,,workspace_premium
bandage,people,3,True,True,False,True,bandage,bandage,bandaids,,healing
brain,people,3,True,True,False,True,brain,brain,brain,,psychology
cloud-lightning,people,3,True,True,False,True,cloud lightning,cloud-lightning,cloud-lightning,,storm
cookie,people,3,True,True,False,True,cookie,cookie,cookie,,cookie
droplet,people,3,True,True,False,True,droplet,droplet,drop,,bloodtype
fish,people,3,True,True,False,True,fish,fish,fish,,scuba_diving
flask-conical,people,3,True,True,False,True,flask conical,flask-conical,flask,,science
handshake,people,3,True,True,False,True,handshake,handshake,handshake,,handshake
hard-hat,people,3,True,True,False,True,hard hat,hard-hat,hard-hat,,engineering
heart-crack,people,3,True,True,False,True,heart crack,heart-crack,heart-break,,heart_broken
luggage,people,3,True,True,False,True,baggage claim,baggage-claim,suitcase,,luggage
medal,people,3,True,True,False,True,medal,medal,medal,,military_tech
meh,people,3,True,True,False,True,face neutral,face-neutral,smiley-blank,,sentiment_neutral
mountain,people,3,True,True,False,True,mountain,mountain,mountains,,filter_hdr
party-popper,people,3,True,True,False,True,party popper,party-popper,confetti,,celebration
recycle,people,3,True,True,False,True,recycle,recycle,recycle,,compost
scale,people,3,True,False,True,True,scale,scale,,scale,monitor_weight
shield-plus,people,3,True,True,False,True,shield plus,shield-plus,shield-plus,,health_and_safety
snowflake,people,3,True,True,False,True,snowflake,snowflake,snowflake,,ac_unit
syringe,people,3,True,True,False,True,syringe,syringe,syringe,,vaccines
tornado,people,3,True,True,False,True,tornado,tornado,hurricane,,cyclone
volleyball,people,3,True,True,False,True,volleyball,volleyball,volleyball,,sports_handball
divide,security,3,True,True,True,False,divide,divide,divide,divide,
shield-alert,security,3,True,True,True,False,shield alert,shield-alert,shield-warning,shield-exclamation,
align-center-horizontal,text-formatting,3,True,True,False,True,align center horizontal,align-center-horizontal,align-center-horizontal,,align_horizontal_center
align-center-vertical,text-formatting,3,True,True,False,True,align center vertical,align-center-vertical,align-center-vertical,,align_vertical_center
align-end-vertical,text-formatting,3,True,True,False,True,align end vertical,align-end-vertical,align-bottom,,align_vertical_bottom
align-start-vertical,text-formatting,3,True,True,False,True,align start vertical,align-start-vertical,align-top,,align_vertical_top
circle-dollar-sign,text-formatting,3,True,True,False,True,circle dollar sign,circle-dollar-sign,currency-circle-dollar,,monetization_on
heading,text-formatting,3,True,True,False,True,heading,heading,letter-circle-h,,title
heading-1,text-formatting,3,True,True,True,False,heading 1,heading-1,text-h-one,h1,
heading-2,text-formatting,3,True,True,True,False,heading 2,heading-2,text-h-two,h2,
heading-3,text-formatting,3,True,True,True,False,heading 3,heading-3,text-h-three,h3,
hexagon,text-formatting,3,True,True,False,True,hexagon,hexagon,hexagon,,hexagon
list-bullet,text-formatting,3,False,True,True,True,format list bulleted,,list-bullets,list-bullet,format_list_bulleted
paint-bucket,text-formatting,3,True,True,False,True,paint bucket,paint-bucket,paint-bucket,,format_color_fill
paint-roller,text-formatting,3,True,True,False,True,paint roller,paint-roller,paint-roller,,format_paint
pen-tool,text-formatting,3,True,True,False,True,pen tool,pen-tool,pen-nib,,draw
pentagon,text-formatting,3,True,True,False,True,pentagon,pentagon,pentagon,,pentagon
shapes,text-formatting,3,True,True,False,True,shapes,shapes,shapes,,format_shapes
sigma,text-formatting,3,True,True,False,True,sigma,sigma,sigma,,functions
subscript,text-formatting,3,True,True,False,True,subscript,subscript,text-subscript,,subscript
superscript,text-formatting,3,True,True,False,True,superscript,superscript,text-superscript,,superscript
text-align-center,text-formatting,3,True,True,False,True,text align center,text-align-center,text-align-center,,format_align_center
text-align-end,text-formatting,3,True,True,False,True,text align end,text-align-end,align-right,,format_align_right
text-align-justify,text-formatting,3,True,True,False,True,text align justify,text-align-justify,text-align-justify,,format_align_justify
text-align-start,text-formatting,3,True,True,False,True,text align start,text-align-start,align-left,,format_align_left
type,text-formatting,3,True,True,False,True,type,type,text-aa,,font_download
anchor,ui-actions,3,True,True,False,True,anchor,anchor,anchor,,anchor
archive,ui-actions,3,True,True,False,True,archive,archive,archive,,send_and_archive
armchair,ui-actions,3,True,True,False,True,armchair,armchair,armchair,,event_seat
audio-lines-x,ui-actions,3,True,True,False,True,audio lines x,audio-lines-x,waveform-slash,,spatial_audio_off
barcode,ui-actions,3,True,True,False,True,barcode,barcode,barcode,,barcode_reader
bed,ui-actions,3,True,True,False,True,bed,bed,bed,,hotel
bluetooth,ui-actions,3,True,True,False,True,bluetooth,bluetooth,bluetooth,,settings_bluetooth
book,ui-actions,3,True,True,False,True,book,book,book,,book
bot,ui-actions,3,True,True,False,True,bot,bot,bug-droid,,android
calendar-check,ui-actions,3,True,True,False,True,calendar check,calendar-check,calendar-check,,event_available
calendar-range,ui-actions,3,True,False,True,True,calendar range,calendar-range,,calendar-date-range,calendar_view_week
calendar-x,ui-actions,3,True,True,False,True,calendar x,calendar-x,calendar-x,,free_cancellation
captions-off,ui-actions,3,True,True,False,True,captions off,captions-off,subtitles-slash,,subtitles_off
car,ui-actions,3,True,True,False,True,car,car,car,,commute
cctv,ui-actions,3,True,True,False,True,cctv,cctv,security-camera,,camera_indoor
chart-line,ui-actions,3,True,True,False,True,chart line,chart-line,chart-line,,analytics
chart-scatter,ui-actions,3,True,True,False,True,chart scatter,chart-scatter,chart-scatter,,data_exploration
check-check,ui-actions,3,True,True,False,True,check check,check-check,checks,,done_all
circle-dot,ui-actions,3,True,True,False,True,circle dot,circle-dot,radio-button,,trip_origin
coffee,ui-actions,3,True,True,False,True,coffee,coffee,coffee,,breakfast_dining
coins,ui-actions,3,True,True,False,True,coins,coins,coin,,toll
columns-3,ui-actions,3,True,False,True,True,columns 3,columns-3,,view-columns,view_array
compass,ui-actions,3,True,True,False,True,compass,compass,compass,,explore
copyright,ui-actions,3,True,True,False,True,copyright,copyright,copyright,,copyright
disc,ui-actions,3,True,True,False,True,disc,disc,disc,,fiber_dvr
dna,ui-actions,3,True,True,False,True,dna,dna,dna,,biotech
eject,ui-actions,3,True,True,False,True,eject,eject,eject,,eject
file-minus,ui-actions,3,True,True,True,False,file minus,file-minus,file-minus,document-minus,
folder-minus,ui-actions,3,True,True,True,False,folder minus,folder-minus,folder-minus,folder-minus,
gavel,ui-actions,3,True,True,False,True,gavel,gavel,gavel,,gavel
gif,ui-actions,3,False,True,True,True,gif,,gif,gif,gif
git-branch,ui-actions,3,True,True,False,True,git branch,git-branch,git-branch,,rebase_edit
hand,ui-actions,3,True,True,False,True,hand,hand,hand,,pan_tool
inbox,ui-actions,3,True,False,True,True,inbox,inbox,,inbox,inbox
layers,ui-actions,3,True,True,False,True,layers,layers,queue,,flip_to_back
lightbulb,ui-actions,3,True,True,False,True,lightbulb,lightbulb,lightbulb,,lightbulb
list,ui-actions,3,True,True,False,True,list,list,list,,list
list-checks,ui-actions,3,True,True,False,True,list checks,list-checks,list-checks,,grading
menu,ui-actions,3,True,False,True,True,menu,menu,,bars-3,reorder
message-square-off,ui-actions,3,True,True,False,True,message square off,message-square-off,chat-teardrop-slash,,speaker_notes_off
nfc,ui-actions,3,True,True,False,True,nfc,nfc,contactless-payment,,contactless
octagon-alert,ui-actions,3,True,True,False,True,octagon alert,octagon-alert,warning-octagon,,dangerous
paw-print,ui-actions,3,True,True,False,True,paw print,paw-print,paw-print,,pets
pencil-off,ui-actions,3,True,True,False,True,pencil off,pencil-off,pencil-slash,,edit_off
percent,ui-actions,3,True,True,False,True,percent,percent,percent,,percent
phone-forwarded,ui-actions,3,True,True,False,True,phone forwarded,phone-forwarded,phone-transfer,,phone_forwarded
picture-in-picture,ui-actions,3,True,True,False,True,picture in picture,picture-in-picture,picture-in-picture,,picture_in_picture
piggy-bank,ui-actions,3,True,True,False,True,piggy bank,piggy-bank,piggy-bank,,savings
plane-landing,ui-actions,3,True,True,False,True,plane landing,plane-landing,airplane-landing,,flight_land
plane-takeoff,ui-actions,3,True,True,False,True,plane takeoff,plane-takeoff,airplane-takeoff,,flight_takeoff
plug,ui-actions,3,True,True,False,True,plug,plug,plug,,outlet
puzzle-piece,ui-actions,3,False,True,True,True,extension,,puzzle-piece,puzzle-piece,extension
refresh-ccw,ui-actions,3,True,True,False,True,refresh ccw,refresh-ccw,arrow-counter-clockwise,,cached
rocket,ui-actions,3,True,True,False,True,rocket,rocket,rocket,,rocket
rocket-launch,ui-actions,3,False,True,True,True,rocket launch,,rocket-launch,rocket-launch,rocket_launch
rows-2,ui-actions,3,True,True,False,True,rows 2,rows-2,dots-six-vertical,,horizontal_split
ruler,ui-actions,3,True,True,False,True,ruler,ruler,ruler,,square_foot
scan-face,ui-actions,3,True,True,False,True,scan face,scan-face,scan-smiley,,face_unlock
server,ui-actions,3,True,False,True,True,server,server,,server,dns
shield,ui-actions,3,True,True,False,True,shield,shield,shield,,privacy_tip
shopping-basket,ui-actions,3,True,True,False,True,shopping basket,shopping-basket,basket,,shopping_basket
signpost,ui-actions,3,True,True,False,True,signpost,signpost,signpost,,directions
square-check,ui-actions,3,True,True,False,True,square check,square-check,check-square,,check_box
square-dashed,ui-actions,3,True,True,False,True,square dashed,square-dashed,bounding-box,,select_all
square-minus,ui-actions,3,True,True,False,True,square minus,square-minus,minus-square,,indeterminate_check_box
square-plus,ui-actions,3,True,True,False,True,square plus,square-plus,plus-square,,add_box
star-half,ui-actions,3,True,True,False,True,star half,star-half,star-half,,star_half
user-check,ui-actions,3,True,True,False,True,user check,user-check,user-check,,how_to_reg
utensils,ui-actions,3,True,True,False,True,utensils,utensils,fork-knife,,dinner_dining
warehouse,ui-actions,3,True,True,False,True,warehouse,warehouse,garage,,warehouse
wifi,ui-actions,3,True,False,True,True,wifi,wifi,,wifi,perm_scan_wifi
wine,ui-actions,3,True,True,False,True,wine,wine,brandy,,liquor
zoom-out,ui-actions,3,True,False,True,True,zoom out,zoom-out,,magnifying-glass-minus,zoom_out
arrows-in,arrows,2,False,True,True,False,arrows in,,arrows-in,arrows-pointing-in,
chevrons-down-up,arrows,2,True,False,False,True,chevrons down up,chevrons-down-up,,,unfold_less
circle-chevron-left,arrows,2,True,True,False,False,circle chevron left,circle-chevron-left,caret-circle-left,,
circle-chevron-right,arrows,2,True,True,False,False,circle chevron right,circle-chevron-right,caret-circle-right,,
circle-chevron-up,arrows,2,True,True,False,False,circle chevron up,circle-chevron-up,caret-circle-up,,
corner-down-right,arrows,2,True,False,False,True,corner down right,corner-down-right,,,subdirectory_arrow_right
git-merge,arrows,2,True,True,False,False,git merge,git-merge,git-merge,,
square-arrow-down,arrows,2,True,True,False,False,square arrow down,square-arrow-down,arrow-square-down,,
square-arrow-down-left,arrows,2,True,True,False,False,square arrow down left,square-arrow-down-left,arrow-square-down-left,,
square-arrow-left,arrows,2,True,True,False,False,square arrow left,square-arrow-left,arrow-square-left,,
square-arrow-right,arrows,2,True,True,False,False,square arrow right,square-arrow-right,arrow-square-right,,
square-arrow-up,arrows,2,True,True,False,False,square arrow up,square-arrow-up,arrow-square-up,,
square-arrow-up-left,arrows,2,True,True,False,False,square arrow up left,square-arrow-up-left,arrow-square-up-left,,
square-split-horizontal,arrows,2,True,True,False,False,square split horizontal,square-split-horizontal,square-split-horizontal,,
chef-hat,brands,2,True,True,False,False,chef hat,chef-hat,chef-hat,,
baby-carriage,buildings,2,False,True,False,True,no stroller,,baby-carriage,,no_stroller
barrel,buildings,2,True,False,False,True,barrel,barrel,,,oil_barrel
bath,buildings,2,True,False,False,True,bath,bath,,,hot_tub
bathtub,buildings,2,False,True,False,True,bathtub,,bathtub,,bathtub
blinds,buildings,2,True,False,False,True,blinds,blinds,,,blinds
building-2,buildings,2,True,False,False,True,building 2,building-2,,,corporate_fare
desk,buildings,2,False,True,False,True,desk,,desk,,desk
dices,buildings,2,True,False,False,True,dices,dices,,,casino
door-open,buildings,2,True,True,False,False,door open,door-open,door-open,,
dumbbell,buildings,2,True,False,False,True,dumbbell,dumbbell,,,fitness_center
elevator,buildings,2,False,True,False,True,elevator,,elevator,,elevator
fence,buildings,2,True,False,False,True,fence,fence,,,fence
refrigerator,buildings,2,True,False,False,True,refrigerator,refrigerator,,,kitchen
stairs,buildings,2,False,True,False,True,stairs,,stairs,,stairs
tower-control,buildings,2,True,True,False,False,tower control,tower-control,air-traffic-control,,
wheelchair,buildings,2,False,True,False,True,wheelchair pickup,,wheelchair,,wheelchair_pickup
windmill,buildings,2,False,True,False,True,wind power,,windmill,,wind_power
arrow-up-down,communication,2,True,False,False,True,arrow up down,arrow-up-down,,,swap_vert
bell-slash,communication,2,False,True,True,False,bell slash,,bell-slash,bell-slash,
book-user,communication,2,True,False,False,True,book user,book-user,,,import_contacts
cell-tower,communication,2,False,True,False,True,cell tower,,cell-tower,,cell_tower
clock-plus,communication,2,True,False,False,True,clock plus,clock-plus,,,more_time
list-x,communication,2,True,False,False,True,list x,list-x,,,clear_all
mail-check,communication,2,True,False,False,True,mail check,mail-check,,,mark_email_read
mail-plus,communication,2,True,False,False,True,mail plus,mail-plus,,,forward_to_inbox
mail-x,communication,2,True,False,False,True,mail x,mail-x,,,mark_email_unread
map-pin-off,communication,2,True,False,False,True,map pin off,map-pin-off,,,location_off
message-circle-check,communication,2,True,False,False,True,message circle check,message-circle-check,,,mark_chat_read
message-circle-x,communication,2,True,False,False,True,message circle x,message-circle-x,,,mark_chat_unread
monitor-x,communication,2,True,False,False,True,monitor x,monitor-x,,,desktop_access_disabled
phone-missed,communication,2,True,False,False,True,phone missed,phone-missed,,,call_missed
phone-plus,communication,2,False,True,False,True,add ic call,,phone-plus,,add_ic_call
printer-x,communication,2,True,False,False,True,printer x,printer-x,,,print_disabled
scan-qr-code,communication,2,True,False,False,True,scan qr code,scan-qr-code,,,qr_code_scanner
screen-share,communication,2,True,False,False,True,screen share,screen-share,,,screen_share
screen-share-off,communication,2,True,False,False,True,screen share off,screen-share-off,,,stop_screen_share
user-search,communication,2,True,False,False,True,user search,user-search,,,person_search
user-x,communication,2,True,False,False,True,user x,user-x,,,no_accounts
ambulance,connectivity,2,True,True,False,False,ambulance,ambulance,ambulance,,
wifi-zero,connectivity,2,True,True,False,False,wifi zero,wifi-zero,wifi-none,,
arrow-right-to-line,devices,2,True,False,False,True,arrow right to line,arrow-right-to-line,,,keyboard_tab
battery,devices,2,True,False,False,True,battery,battery,,,battery_unknown
bell-off,devices,2,True,False,False,True,bell off,bell-off,,,do_not_disturb_on_total_silence
bluetooth-searching,devices,2,True,False,False,True,bluetooth searching,bluetooth-searching,,,bluetooth_searching
cable,devices,2,True,False,False,True,cable,cable,,,cable
cable-car,devices,2,True,True,False,False,cable car,cable-car,cable-car,,
car-battery,devices,2,True,True,False,False,car battery,car-battery,car-battery,,
circuit-board,devices,2,True,False,False,True,circuit board,circuit-board,,,developer_board
dock,devices,2,True,False,False,True,dock,dock,,,dock
drone,devices,2,True,True,False,False,drone,drone,drone,,
fishing-hook,devices,2,True,False,False,True,fishing hook,fishing-hook,,,phishing
flashlight-off,devices,2,True,False,False,True,flashlight off,flashlight-off,,,flashlight_off
forklift,devices,2,True,False,False,True,forklift,forklift,,,forklift
hard-drive,devices,2,True,True,False,False,hard drive,hard-drive,hard-drive,,
headphone-off,devices,2,True,False,False,True,headphone off,headphone-off,,,headset_off
joystick,devices,2,True,True,False,False,joystick,joystick,joystick,,
microscope,devices,2,True,True,False,False,microscope,microscope,microscope,,
monitor-play,devices,2,True,True,False,False,monitor play,monitor-play,monitor-play,,
password,devices,2,False,True,False,True,password,,password,,password
percent-badge,devices,2,False,False,True,True,discount,,,percent-badge,discount
radar,devices,2,True,False,False,True,radar,radar,,,radar
rotate-ccw,devices,2,True,False,False,True,rotate ccw,rotate-ccw,,,replay
router,devices,2,True,False,False,True,router,router,,,router
shield-question-mark,devices,2,True,False,False,True,shield question mark,shield-question-mark,,,gpp_maybe
shield-x,devices,2,True,False,False,True,shield x,shield-x,,,gpp_bad
wallpaper,devices,2,True,False,False,True,wallpaper,wallpaper,,,wallpaper
webcam,devices,2,True,True,False,False,webcam,webcam,webcam,,
wifi-medium,devices,2,False,True,False,True,network wifi 2 bar,,wifi-medium,,network_wifi_2_bar
bookmark-off,files-folders,2,True,False,True,False,bookmark off,bookmark-off,,bookmark-slash,
cloud-sync,files-folders,2,True,False,False,True,cloud sync,cloud-sync,,,cloud_sync
file-archive,files-folders,2,True,True,False,False,file archive,file-archive,file-archive,,
file-chart-column,files-folders,2,True,False,True,False,file chart column,file-chart-column,,document-chart-bar,
file-code,files-folders,2,True,True,False,False,file code,file-code,file-code,,
file-down,files-folders,2,True,False,True,False,file down,file-down,,document-arrow-down,
file-image,files-folders,2,True,True,False,False,file image,file-image,file-image,,
file-lock,files-folders,2,True,True,False,False,file lock,file-lock,file-lock,,
files,files-folders,2,True,True,False,False,file stack,file-stack,files,,
folder-cog,files-folders,2,True,False,False,True,folder cog,folder-cog,,,rule_folder
folder-down,files-folders,2,True,False,True,False,folder down,folder-down,,folder-arrow-down,
folder-lock,files-folders,2,True,True,False,False,folder lock,folder-lock,folder-lock,,
folder-up,files-folders,2,True,False,False,True,folder up,folder-up,,,drive_folder_upload
folder-x,files-folders,2,True,False,False,True,folder x,folder-x,,,folder_delete
folders,files-folders,2,True,True,False,False,folders,folders,folders,,
notebook,files-folders,2,True,True,False,False,notebook,notebook,notebook,,
scroll,files-folders,2,True,True,False,False,scroll,scroll,scroll,,
badge-percent,finance,2,True,True,False,False,badge percent,badge-percent,seal-percent,,
octagon,finance,2,True,True,False,False,octagon,octagon,octagon,,
calendar-heart,health,2,True,True,False,False,calendar heart,calendar-heart,calendar-heart,,
stethoscope,health,2,True,True,False,False,stethoscope,stethoscope,stethoscope,,
bike,maps-travel,2,True,False,False,True,bike,bike,,,delivery_dining
bowl-food,maps-travel,2,False,True,False,True,ramen dining,,bowl-food,,ramen_dining
carrot,maps-travel,2,True,True,False,False,carrot,carrot,carrot,,
castle,maps-travel,2,True,False,False,True,castle,castle,,,castle
corner-up-left,maps-travel,2,True,False,False,True,corner up left,corner-up-left,,,fork_left
corner-up-right,maps-travel,2,True,False,False,True,corner up right,corner-up-right,,,fork_right
cup-soda,maps-travel,2,True,False,False,True,cup soda,cup-soda,,,local_drink
drumstick,maps-travel,2,True,False,False,True,drumstick,drumstick,,,kebab_dining
fire-truck,maps-travel,2,False,True,False,True,fire truck,,fire-truck,,fire_truck
map-pin-pen,maps-travel,2,True,False,False,True,map pin pen,map-pin-pen,,,edit_location
map-pin-x,maps-travel,2,True,False,False,True,map pin x,map-pin-x,,,not_listed_location
moped,maps-travel,2,False,True,False,True,electric moped,,moped,,electric_moped
navigation-2,maps-travel,2,True,False,False,True,navigation 2,navigation-2,,,near_me
navigation-off,maps-travel,2,True,False,False,True,navigation off,navigation-off,,,near_me_disabled
person-running,maps-travel,2,False,True,False,True,directions run,,person-simple-run,,directions_run
pin-off,maps-travel,2,True,True,False,False,pin off,pin-off,push-pin-simple-slash,,
rat,maps-travel,2,True,False,False,True,rat,rat,,,pest_control_rodent
rotate-3d,maps-travel,2,True,False,False,True,rotate 3d,rotate-3d,,,360
route,maps-travel,2,True,False,False,True,route,route,,,add_road
sandwich,maps-travel,2,True,False,False,True,sandwich,sandwich,,,lunch_dining
ship,maps-travel,2,True,False,False,True,ship,ship,,,directions_boat
sparkle,maps-travel,2,True,True,False,False,sparkle,sparkle,sparkle,,
square-parking,maps-travel,2,True,True,False,False,square parking,square-parking,letter-circle-p,,
synagogue,maps-travel,2,False,True,False,True,synagogue,,synagogue,,synagogue
theater,maps-travel,2,True,False,False,True,theater,theater,,,theater_comedy
traffic-cone,maps-travel,2,True,True,False,False,traffic cone,traffic-cone,traffic-cone,,
train,maps-travel,2,False,True,False,True,directions railway,,train,,directions_railway
tram,maps-travel,2,False,True,False,True,directions subway,,subway,,directions_subway
tree-deciduous,maps-travel,2,True,True,False,False,tree deciduous,tree-deciduous,tree,,
tree-palm,maps-travel,2,True,True,False,False,tree palm,tree-palm,island,,
tree-pine,maps-travel,2,True,True,False,False,tree pine,tree-pine,tree-evergreen,,
album,media,2,True,False,False,True,album,album,,,album
aperture,media,2,True,True,False,False,aperture,aperture,aperture,,
book-marked,media,2,True,False,False,True,book marked,book-marked,,,collections_bookmark
camera-plus,media,2,False,True,False,True,add a photo,,camera-plus,,add_a_photo
copy-plus,media,2,True,False,False,True,copy plus,copy-plus,,,control_point_duplicate
file-audio,media,2,False,True,False,True,audio file,,file-audio,,audio_file
focus,media,2,True,False,False,True,focus,focus,,,center_focus_strong
four-k,media,2,False,True,False,True,4k,,four-k,,4k
frame,media,2,True,False,False,True,frame,frame,,,filter_frames
image-plus,media,2,True,False,False,True,image plus,image-plus,,,add_photo_alternate
library,media,2,True,False,False,True,library,library,,,library_add
list-check,media,2,True,False,False,True,list check,list-check,,,playlist_add_check
list-minus,media,2,True,False,False,True,list minus,list-minus,,,playlist_remove
move-3d,media,2,True,False,False,True,move 3d,move-3d,,,transform
panorama,media,2,False,True,False,True,panorama,,panorama,,panorama
play-off,media,2,True,False,False,True,play off,play-off,,,play_disabled
play-pause,media,2,False,True,True,False,play pause,,play-pause,play-pause,
popcorn,media,2,True,True,False,False,popcorn,popcorn,popcorn,,
presentation-chart-line,media,2,False,True,True,False,presentation chart,,presentation-chart,presentation-chart-line,
rotate-cw,media,2,True,False,False,True,rotate cw,rotate-cw,,,forward_10
sd,media,2,False,True,False,True,sd,,standard-definition,,sd
square-stack,media,2,True,False,False,True,square stack,square-stack,,,video_library
sun-medium,media,2,True,False,False,True,sun medium,sun-medium,,,brightness_medium
swiss-franc,media,2,True,False,False,True,swiss franc,swiss-franc,,,currency_franc
switch-camera,media,2,True,False,False,True,switch camera,switch-camera,,,cameraswitch
timer-off,media,2,True,False,False,True,timer off,timer-off,,,timer_off
turkish-lira,media,2,True,False,False,True,turkish lira,turkish-lira,,,currency_lira
wand,media,2,True,False,False,True,wand,wand,,,auto_fix_off
wand-sparkles,media,2,True,False,False,True,wand sparkles,wand-sparkles,,,auto_fix_high
angle,misc,2,True,True,False,False,angle,angle,angle,,
asterisk,misc,2,True,True,False,False,asterisk,asterisk,asterisk,,
binary,misc,2,True,True,False,False,binary,binary,binary,,
binoculars,misc,2,True,True,False,False,binoculars,binoculars,binoculars,,
biohazard,misc,2,True,True,False,False,biohazard,biohazard,biohazard,,
bomb,misc,2,True,True,False,False,bomb,bomb,bomb,,
broom,misc,2,True,True,False,False,broom,broom,broom,,
cherry,misc,2,True,True,False,False,cherry,cherry,cherries,,
cigarette,misc,2,True,True,False,False,cigarette,cigarette,cigarette,,
citrus,misc,2,True,True,False,False,citrus,citrus,orange,,
clover,misc,2,True,True,False,False,clover,clover,clover,,
club,misc,2,True,True,False,False,club,club,club,,
container,misc,2,True,True,False,False,container,container,shipping-container,,
cooking-pot,misc,2,True,True,False,False,cooking pot,cooking-pot,cooking-pot,,
cube,misc,2,False,True,True,False,cube,,cube,cube,
cube-transparent,misc,2,False,True,True,False,cube transparent,,cube-transparent,cube-transparent,
cylinder,misc,2,True,True,False,False,cylinder,cylinder,cylinder,,
dot,misc,2,True,True,False,False,dot,dot,dot,,
equal-not,misc,2,True,True,False,False,equal not,equal-not,not-equals,,
feather,misc,2,True,True,False,False,feather,feather,feather,,
git-commit-vertical,misc,2,True,True,False,False,git commit vertical,git-commit-vertical,git-commit,,
git-fork,misc,2,True,True,False,False,git fork,git-fork,git-fork,,
git-pull-request,misc,2,True,True,False,False,git pull request,git-pull-request,git-pull-request,,
guitar,misc,2,True,True,False,False,guitar,guitar,guitar,,
hammer,misc,2,True,True,False,False,hammer,hammer,hammer,,
highlighter,misc,2,True,True,False,False,highlighter,highlighter,highlighter,,
lamp,misc,2,True,True,False,False,lamp,lamp,lamp,,
lasso,misc,2,True,True,False,False,lasso,lasso,lasso,,
lectern,misc,2,True,True,False,False,lectern,lectern,lectern,,
loader-circle,misc,2,True,True,False,False,loader circle,loader-circle,circle-notch,,
metronome,misc,2,True,True,False,False,metronome,metronome,metronome,,
nut,misc,2,True,True,False,False,nut,nut,nut,,
pen,misc,2,True,True,False,False,pen,pen,pen,,
pi,misc,2,True,True,False,False,pi,pi,pi,,
radical,misc,2,True,True,False,False,radical,radical,radical,,
shovel,misc,2,True,True,False,False,shovel,shovel,shovel,,
siren,misc,2,True,True,False,False,siren,siren,siren,,
slash,misc,2,True,False,True,False,slash,slash,,slash,
spade,misc,2,True,True,False,False,spade,spade,spade,,
spline,misc,2,True,True,False,False,spline,spline,bezier-curve,,
sticker,misc,2,True,True,False,False,sticker,sticker,sticker,,
toggle-left,misc,2,True,True,False,False,toggle left,toggle-left,toggle-left,,
toggle-right,misc,2,True,True,False,False,toggle right,toggle-right,toggle-right,,
toilet,misc,2,True,True,False,False,toilet,toilet,toilet,,
tractor,misc,2,True,True,False,False,tractor,tractor,tractor,,
triangle,misc,2,True,True,False,False,triangle,triangle,triangle,,
triangle-dashed,misc,2,True,True,False,False,triangle dashed,triangle-dashed,triangle-dashed,,
van,misc,2,True,True,False,False,van,van,van,,
variable,misc,2,True,False,True,False,variable,variable,,variable,
vault,misc,2,True,True,False,False,vault,vault,vault,,
wheat,misc,2,True,True,False,False,wheat,wheat,grains,,
wheat-off,misc,2,True,True,False,False,wheat off,wheat-off,grains-slash,,
bird,nature,2,True,True,False,False,bird,bird,bird,,
bone,nature,2,True,True,False,False,bone,bone,bone,,
cat,nature,2,True,True,False,False,cat,cat,cat,,
dog,nature,2,True,True,False,False,dog,dog,dog,,
ghost,nature,2,True,True,False,False,ghost,ghost,ghost,,
ice-cream-bowl,nature,2,True,True,False,False,ice cream bowl,ice-cream-bowl,popsicle,,
rabbit,nature,2,True,True,False,False,rabbit,rabbit,rabbit,,
shrimp,nature,2,True,True,False,False,shrimp,shrimp,shrimp,,
skull,nature,2,True,True,False,False,skull,skull,skull,,
vibrate,nature,2,True,True,False,False,vibrate,vibrate,vibrate,,
balloon,people,2,True,True,False,False,balloon,balloon,balloon,,
baseball,people,2,False,True,False,True,sports baseball,,baseball,,sports_baseball
basketball,people,2,False,True,False,True,sports basketball,,basketball,,sports_basketball
bed-double,people,2,True,False,False,True,bed double,bed-double,,,king_bed
bed-single,people,2,True,False,False,True,bed single,bed-single,,,single_bed
boxing-glove,people,2,False,True,False,True,sports mma,,boxing-glove,,sports_mma
construction,people,2,True,False,False,True,construction,construction,,,construction
cricket,people,2,False,True,False,True,sports cricket,,cricket,,sports_cricket
crown,people,2,True,True,False,False,chess king,chess-king,crown,,
dice-1,people,2,True,True,False,False,dice 1,dice-1,dice-one,,
dice-2,people,2,True,True,False,False,dice 2,dice-2,dice-two,,
dice-3,people,2,True,True,False,False,dice 3,dice-3,dice-three,,
dice-4,people,2,True,True,False,False,dice 4,dice-4,dice-four,,
dice-5,people,2,True,True,False,False,dice 5,dice-5,dice-five,,
dice-6,people,2,True,True,False,False,dice 6,dice-6,dice-six,,
face-mask,people,2,False,True,False,True,masks,,face-mask,,masks
football,people,2,False,True,False,True,sports football,,football,,sports_football
frown,people,2,False,False,True,True,mood bad,,,face-frown,mood_bad
globe-americas,people,2,False,False,True,True,south america,,,globe-americas,south_america
globe-off,people,2,True,False,False,True,globe off,globe-off,,,public_off
hand-raised,people,2,False,False,True,True,back hand,,,hand-raised,back_hand
hand-waving,people,2,False,True,False,True,waving hand,,hand-waving,,waving_hand
hockey,people,2,False,True,False,True,sports hockey,,hockey,,sports_hockey
kayak,people,2,True,False,False,True,kayak,kayak,,,kayaking
laugh,people,2,True,False,False,True,face grinning,face-grinning,,,sentiment_very_satisfied
parachute,people,2,False,True,False,True,paragliding,,parachute,,paragliding
person,people,2,False,True,False,True,person,,person,,person
person-hiking,people,2,False,True,False,True,hiking,,person-simple-hike,,hiking
person-skiing,people,2,False,True,False,True,downhill skiing,,person-simple-ski,,downhill_skiing
person-snowboarding,people,2,False,True,False,True,snowboarding,,person-simple-snowboard,,snowboarding
person-standing,people,2,True,False,False,True,person standing,person-standing,,,boy
person-walking,people,2,False,True,False,True,directions walk,,person-simple-walk,,directions_walk
piano,people,2,True,False,False,True,piano,piano,,,piano
school,people,2,True,False,False,True,school,school,,,school
soap,people,2,False,True,False,True,soap,,hand-soap,,soap
soccer-ball,people,2,False,True,False,True,sports soccer,,soccer-ball,,sports_soccer
tennis-ball,people,2,False,True,False,True,sports tennis,,tennis-ball,,sports_tennis
transgender,people,2,True,False,False,True,transgender,transgender,,,transgender
user-switch,people,2,False,True,False,True,switch account,,user-switch,,switch_account
virus,people,2,False,True,False,True,coronavirus,,virus,,coronavirus
atom,science,2,True,True,False,False,atom,atom,atom,,
beaker,science,2,True,False,True,False,beaker,beaker,,beaker,
magnet,science,2,True,True,False,False,magnet,magnet,magnet,,
test-tube,science,2,True,True,False,False,test tube,test-tube,test-tube,,
badge-alert,security,2,True,True,False,False,badge alert,badge-alert,seal-warning,,
badge-question-mark,security,2,True,True,False,False,badge question mark,badge-question-mark,seal-question,,
lock-keyhole,security,2,True,True,False,False,lock keyhole,lock-keyhole,lock-key,,
lock-keyhole-open,security,2,True,True,False,False,lock keyhole open,lock-keyhole-open,lock-key-open,,
shield-off,security,2,True,True,False,False,shield off,shield-off,shield-slash,,
signature,security,2,True,True,False,False,signature,signature,signature,,
stamp,security,2,True,True,False,False,stamp,stamp,stamp,,
align-end-horizontal,text-formatting,2,True,False,False,True,align end horizontal,align-end-horizontal,,,align_horizontal_right
align-horizontal-space-between,text-formatting,2,True,False,False,True,align horizontal space between,align-horizontal-space-between,,,horizontal_distribute
align-start-horizontal,text-formatting,2,True,False,False,True,align start horizontal,align-start-horizontal,,,align_horizontal_left
align-vertical-space-between,text-formatting,2,True,False,False,True,align vertical space between,align-vertical-space-between,,,vertical_distribute
banknote-x,text-formatting,2,True,False,False,True,banknote x,banknote-x,,,money_off
baseline,text-formatting,2,True,False,False,True,baseline,baseline,,,format_color_text
brackets,text-formatting,2,True,False,False,True,brackets,brackets,,,data_array
chart-area,text-formatting,2,True,False,False,True,chart area,chart-area,,,area_chart
chart-candlestick,text-formatting,2,True,False,False,True,chart candlestick,chart-candlestick,,,candlestick_chart
grip-horizontal,text-formatting,2,True,False,False,True,grip horizontal,grip-horizontal,,,drag_handle
heading-4,text-formatting,2,True,True,False,False,heading 4,heading-4,text-h-four,,
heading-5,text-formatting,2,True,True,False,False,heading 5,heading-5,text-h-five,,
heading-6,text-formatting,2,True,True,False,False,heading 6,heading-6,text-h-six,,
list-indent-decrease,text-formatting,2,True,False,False,True,list indent decrease,list-indent-decrease,,,format_indent_decrease
list-indent-increase,text-formatting,2,True,False,False,True,list indent increase,list-indent-increase,,,format_indent_increase
message-square-plus,text-formatting,2,True,False,False,True,message square plus,message-square-plus,,,add_comment
move-down,text-formatting,2,True,False,False,True,move down,move-down,,,move_down
move-up,text-formatting,2,True,False,False,True,move up,move-up,,,move_up
move-vertical,text-formatting,2,True,False,False,True,move vertical,move-vertical,,,height
notepad-text,text-formatting,2,True,False,False,True,notepad text,notepad-text,,,edit_note
panel-bottom,text-formatting,2,True,False,False,True,panel bottom,panel-bottom,,,border_bottom
panel-right,text-formatting,2,True,False,False,True,panel right,panel-right,,,border_right
pen-line,text-formatting,2,True,False,False,True,pen line,pen-line,,,border_color
pilcrow,text-formatting,2,True,True,False,False,pilcrow,pilcrow,paragraph,,
quote,text-formatting,2,True,False,False,True,quote,quote,,,format_quote
rectangle,text-formatting,2,False,True,False,True,rectangle,,rectangle,,rectangle
remove-formatting,text-formatting,2,True,False,False,True,remove formatting,remove-formatting,,,format_clear
space,text-formatting,2,True,False,False,True,space,space,,,space_bar
stretch-vertical,text-formatting,2,True,False,False,True,stretch vertical,stretch-vertical,,,format_line_spacing
sword,text-formatting,2,True,True,False,False,sword,sword,sword,,
text-wrap,text-formatting,2,True,False,False,True,text wrap,text-wrap,,,wrap_text
calendar-off,time,2,True,True,False,False,calendar off,calendar-off,calendar-slash,,
eraser,time,2,True,True,False,False,eraser,eraser,eraser,,
package,time,2,True,True,False,False,package,package,package,,
accessibility,ui-actions,2,True,False,False,True,accessibility,accessibility,,,accessibility
activity,ui-actions,2,True,False,False,True,activity,activity,,,network_ping
alarm-clock-check,ui-actions,2,True,False,False,True,alarm clock check,alarm-clock-check,,,alarm_on
alarm-clock-off,ui-actions,2,True,False,False,True,alarm clock off,alarm-clock-off,,,alarm_off
alarm-clock-plus,ui-actions,2,True,False,False,True,alarm clock plus,alarm-clock-plus,,,alarm_add
archive-restore,ui-actions,2,True,False,False,True,archive restore,archive-restore,,,unarchive
arrow-down-up,ui-actions,2,True,False,False,True,arrow down up,arrow-down-up,,,sort
audio-lines,ui-actions,2,True,False,False,True,audio lines,audio-lines,,,spatial_audio
axe,ui-actions,2,True,True,False,False,axe,axe,axe,,
badge-dollar-sign,ui-actions,2,True,False,False,True,badge dollar sign,badge-dollar-sign,,,paid
blender,ui-actions,2,True,False,False,True,blender,blender,,,blender
book-open-text,ui-actions,2,True,True,False,False,book open text,book-open-text,book-open-text,,
book-search,ui-actions,2,True,False,False,True,book search,book-search,,,plagiarism
bookmark-check,ui-actions,2,True,False,False,True,bookmark check,bookmark-check,,,bookmark_added
bookmark-minus,ui-actions,2,True,False,False,True,bookmark minus,bookmark-minus,,,bookmark_remove
bookmark-plus,ui-actions,2,True,False,False,True,bookmark plus,bookmark-plus,,,bookmark_add
bookmarks,ui-actions,2,False,True,False,True,bookmarks,,bookmarks,,bookmarks
box,ui-actions,2,True,True,False,False,box,box,cube-focus,,
braces,ui-actions,2,True,False,False,True,braces,braces,,,api
calendar-cog,ui-actions,2,True,False,False,True,calendar cog,calendar-cog,,,edit_calendar
calendar-minus,ui-actions,2,True,True,False,False,calendar minus,calendar-minus,calendar-minus,,
calendar-plus,ui-actions,2,True,True,False,False,calendar plus,calendar-plus,calendar-plus,,
calendar-sync,ui-actions,2,True,False,False,True,calendar sync,calendar-sync,,,event_repeat
case-sensitive,ui-actions,2,True,False,False,True,case sensitive,case-sensitive,,,abc
cassette-tape,ui-actions,2,True,True,False,False,cassette tape,cassette-tape,cassette-tape,,
chair,ui-actions,2,False,True,False,True,chair,,chair,,chair
chart-bar-stacked,ui-actions,2,True,False,False,True,chart bar stacked,chart-bar-stacked,,,stacked_bar_chart
chart-donut,ui-actions,2,False,True,False,True,donut large,,chart-donut,,donut_large
chart-gantt,ui-actions,2,True,False,False,True,chart gantt,chart-gantt,,,view_timeline
clapperboard,ui-actions,2,True,False,False,True,clapperboard,clapperboard,,,theaters
clipboard-check,ui-actions,2,True,False,False,True,clipboard check,clipboard-check,,,fact_check
cog-6-tooth,ui-actions,2,False,True,True,False,gear six,,gear-six,cog-6-tooth,
columns-2,ui-actions,2,True,False,False,True,columns 2,columns-2,,,vertical_split
copyleft,ui-actions,2,True,True,False,False,copyleft,copyleft,copyleft,,
currency,ui-actions,2,True,False,False,True,currency,currency,,,currency_exchange
database-backup,ui-actions,2,True,False,False,True,database backup,database-backup,,,backup
equal-approximately,ui-actions,2,True,True,False,False,equal approximately,equal-approximately,approximate-equals,,
eye-closed,ui-actions,2,True,True,False,False,eye closed,eye-closed,eye-closed,,
file-pen,ui-actions,2,True,False,False,True,file pen,file-pen,,,edit_document
flip-vertical-2,ui-actions,2,True,True,False,False,flip vertical 2,flip-vertical-2,flip-vertical,,
folder-star,ui-actions,2,False,True,False,True,folder special,,folder-simple-star,,folder_special
funnel-x,ui-actions,2,True,True,False,False,funnel x,funnel-x,funnel-x,,
gallery-horizontal,ui-actions,2,True,False,False,True,gallery horizontal,gallery-horizontal,,,view_carousel
git-commit-horizontal,ui-actions,2,True,False,False,True,git commit horizontal,git-commit-horizontal,,,commit
globe-x,ui-actions,2,True,True,False,False,globe x,globe-x,globe-simple-x,,
grip-vertical,ui-actions,2,True,False,False,True,grip vertical,grip-vertical,,,drag_indicator
hand-coins,ui-actions,2,True,True,False,False,hand coins,hand-coins,hand-coins,,
hand-fist,ui-actions,2,True,True,False,False,hand fist,hand-fist,hand-fist,,
handbag,ui-actions,2,True,True,False,False,handbag,handbag,handbag,,
house-plus,ui-actions,2,True,False,False,True,house plus,house-plus,,,add_home
kanban,ui-actions,2,True,True,False,False,kanban,kanban,kanban,,
landmark,ui-actions,2,True,False,False,True,landmark,landmark,,,account_balance
layout-dashboard,ui-actions,2,True,False,False,True,layout dashboard,layout-dashboard,,,dashboard
list-filter,ui-actions,2,True,False,False,True,list filter,list-filter,,,filter_list_alt
locate-fixed,ui-actions,2,True,True,False,False,locate fixed,locate-fixed,gps-fix,,
maximize,ui-actions,2,True,False,False,True,fullscreen,fullscreen,,,maximize
maximize-2,ui-actions,2,True,False,False,True,maximize 2,maximize-2,,,open_in_full
message-circle-warning,ui-actions,2,True,False,False,True,message circle warning,message-circle-warning,,,sms_failed
minimize,ui-actions,2,True,False,False,True,minimize,minimize,,,minimize
minimize-2,ui-actions,2,True,False,False,True,minimize 2,minimize-2,,,close_fullscreen
move,ui-actions,2,True,False,False,True,move,move,,,open_with
panel-left,ui-actions,2,True,False,False,True,panel left,panel-left,,,view_sidebar
panel-top,ui-actions,2,True,False,False,True,panel top,panel-top,,,view_day
pencil-line,ui-actions,2,True,True,False,False,pencil line,pencil-line,pencil-line,,
pencil-ruler,ui-actions,2,True,True,False,False,pencil ruler,pencil-ruler,pencil-ruler,,
power-off,ui-actions,2,True,False,False,True,power off,power-off,,,power_off
proportions,ui-actions,2,True,False,False,True,proportions,proportions,,,aspect_ratio
redo,ui-actions,2,True,False,False,True,redo,redo,,,redo
refresh-cw-off,ui-actions,2,True,False,False,True,refresh cw off,refresh-cw-off,,,update_disabled
replace,ui-actions,2,True,False,False,True,replace,replace,,,find_replace
reply,ui-actions,2,True,False,False,True,reply,reply,,,reply
reply-all,ui-actions,2,True,False,False,True,reply all,reply-all,,,reply_all
rows-3,ui-actions,2,True,False,False,True,rows 3,rows-3,,,view_agenda
satellite,ui-actions,2,True,False,False,True,satellite,satellite,,,satellite_alt
save,ui-actions,2,True,False,False,True,save,save,,,save
separator-vertical,ui-actions,2,True,True,False,False,separator vertical,separator-vertical,line-vertical,,
shield-user,ui-actions,2,True,False,False,True,shield user,shield-user,,,admin_panel_settings
shower,ui-actions,2,False,True,False,True,shower,,shower,,shower
spell-check,ui-actions,2,True,False,False,True,spell check,spell-check,,,spellcheck
square-kanban,ui-actions,2,True,False,False,True,square kanban,square-kanban,,,view_kanban
square-round-corner,ui-actions,2,True,False,False,True,square round corner,square-round-corner,,,rounded_corner
square-user,ui-actions,2,True,False,False,True,square user,square-user,,,account_box
sticky-note,ui-actions,2,True,False,False,True,sticky note,sticky-note,,,sticky_note_2
stretch-horizontal,ui-actions,2,True,False,False,True,stretch horizontal,stretch-horizontal,,,width_full
tag-x,ui-actions,2,True,False,False,True,tag x,tag-x,,,label_off
target,ui-actions,2,True,True,False,False,target,target,target,,
toolbox,ui-actions,2,True,True,False,False,toolbox,toolbox,toolbox,,
translate,ui-actions,2,False,True,False,True,translate,,translate,,translate
undo,ui-actions,2,True,False,False,True,undo,undo,,,undo
user-cog,ui-actions,2,True,False,False,True,user cog,user-cog,,,manage_accounts
user-lock,ui-actions,2,True,False,False,True,user lock,user-lock,,,lock_person
webhook,ui-actions,2,True,False,False,True,webhook,webhook,,,webhook
window,ui-actions,2,False,False,True,True,window,,,window,window
brain-circuit,weather,2,True,True,False,False,brain circuit,brain-circuit,head-circuit,,
cloud-alert,weather,2,True,True,False,False,cloud alert,cloud-alert,cloud-warning,,
cloud-moon,weather,2,True,True,False,False,cloud moon,cloud-moon,cloud-moon,,
cloud-rain,weather,2,True,True,False,False,cloud rain,cloud-rain,cloud-rain,,
cloud-sun,weather,2,True,True,False,False,cloud sun,cloud-sun,cloud-sun,,
moon-star,weather,2,True,True,False,False,moon star,moon-star,moon-stars,,
a-arrow-down,arrows,1,True,False,False,False,a arrow down,a-arrow-down,,,
a-arrow-up,arrows,1,True,False,False,False,a arrow up,a-arrow-up,,,
app-settings-alt,arrows,1,False,False,False,True,app settings alt,,,,app_settings_alt
apps-outage,arrows,1,False,False,False,True,apps outage,,,,apps_outage
archive-box-arrow-down,arrows,1,False,False,True,False,archive box arrow down,,,archive-box-arrow-down,
arrow-bend-double-up-left,arrows,1,False,True,False,False,arrow bend double up left,,arrow-bend-double-up-left,,
arrow-bend-double-up-right,arrows,1,False,True,False,False,arrow bend double up right,,arrow-bend-double-up-right,,
arrow-bend-down-left,arrows,1,False,True,False,False,arrow bend down left,,arrow-bend-down-left,,
arrow-bend-down-right,arrows,1,False,True,False,False,arrow bend down right,,arrow-bend-down-right,,
arrow-bend-left-down,arrows,1,False,True,False,False,arrow bend left down,,arrow-bend-left-down,,
arrow-bend-left-up,arrows,1,False,True,False,False,arrow bend left up,,arrow-bend-left-up,,
arrow-bend-right-down,arrows,1,False,True,False,False,arrow bend right down,,arrow-bend-right-down,,
arrow-bend-up-right,arrows,1,False,True,False,False,arrow bend up right,,arrow-bend-up-right,,
arrow-big-down,arrows,1,True,False,False,False,arrow big down,arrow-big-down,,,
arrow-big-down-dash,arrows,1,True,False,False,False,arrow big down dash,arrow-big-down-dash,,,
arrow-big-left,arrows,1,True,False,False,False,arrow big left,arrow-big-left,,,
arrow-big-left-dash,arrows,1,True,False,False,False,arrow big left dash,arrow-big-left-dash,,,
arrow-big-right,arrows,1,True,False,False,False,arrow big right,arrow-big-right,,,
arrow-big-right-dash,arrows,1,True,False,False,False,arrow big right dash,arrow-big-right-dash,,,
arrow-big-up,arrows,1,True,False,False,False,arrow big up,arrow-big-up,,,
arrow-big-up-dash,arrows,1,True,False,False,False,arrow big up dash,arrow-big-up-dash,,,
arrow-circle-down-left,arrows,1,False,True,False,False,arrow circle down left,,arrow-circle-down-left,,
arrow-circle-down-right,arrows,1,False,True,False,False,arrow circle down right,,arrow-circle-down-right,,
arrow-circle-up-right,arrows,1,False,True,False,False,arrow circle up right,,arrow-circle-up-right,,
arrow-down-0-1,arrows,1,True,False,False,False,arrow down 0 1,arrow-down-0-1,,,
arrow-down-1-0,arrows,1,True,False,False,False,arrow down 1 0,arrow-down-1-0,,,
arrow-down-a-z,arrows,1,True,False,False,False,arrow down a z,arrow-down-a-z,,,
arrow-down-from-line,arrows,1,True,False,False,False,arrow down from line,arrow-down-from-line,,,
arrow-down-narrow-wide,arrows,1,True,False,False,False,arrow down narrow wide,arrow-down-narrow-wide,,,
arrow-down-on-square,arrows,1,False,False,True,False,arrow down on square,,,arrow-down-on-square,
arrow-down-on-square-stack,arrows,1,False,False,True,False,arrow down on square stack,,,arrow-down-on-square-stack,
arrow-down-to-dot,arrows,1,True,False,False,False,arrow down to dot,arrow-down-to-dot,,,
arrow-down-to-line,arrows,1,True,False,False,False,arrow down to line,arrow-down-to-line,,,
arrow-down-wide-narrow,arrows,1,True,False,False,False,arrow down wide narrow,arrow-down-wide-narrow,,,
arrow-down-z-a,arrows,1,True,False,False,False,arrow down z a,arrow-down-z-a,,,
arrow-elbow-down-right,arrows,1,False,True,False,False,arrow elbow down right,,arrow-elbow-down-right,,
arrow-elbow-left,arrows,1,False,True,False,False,arrow elbow left,,arrow-elbow-left,,
arrow-elbow-left-down,arrows,1,False,True,False,False,arrow elbow left down,,arrow-elbow-left-down,,
arrow-elbow-left-up,arrows,1,False,True,False,False,arrow elbow left up,,arrow-elbow-left-up,,
arrow-elbow-right,arrows,1,False,True,False,False,arrow elbow right,,arrow-elbow-right,,
arrow-elbow-right-up,arrows,1,False,True,False,False,arrow elbow right up,,arrow-elbow-right-up,,
arrow-elbow-up-left,arrows,1,False,True,False,False,arrow elbow up left,,arrow-elbow-up-left,,
arrow-fat-down,arrows,1,False,True,False,False,arrow fat down,,arrow-fat-down,,
arrow-fat-left,arrows,1,False,True,False,False,arrow fat left,,arrow-fat-left,,
arrow-fat-line-left,arrows,1,False,True,False,False,arrow fat line left,,arrow-fat-line-left,,
arrow-fat-line-right,arrows,1,False,True,False,False,arrow fat line right,,arrow-fat-line-right,,
arrow-fat-line-up,arrows,1,False,True,False,False,arrow fat line up,,arrow-fat-line-up,,
arrow-fat-lines-down,arrows,1,False,True,False,False,arrow fat lines down,,arrow-fat-lines-down,,
arrow-fat-lines-left,arrows,1,False,True,False,False,arrow fat lines left,,arrow-fat-lines-left,,
arrow-fat-lines-right,arrows,1,False,True,False,False,arrow fat lines right,,arrow-fat-lines-right,,
arrow-fat-lines-up,arrows,1,False,True,False,False,arrow fat lines up,,arrow-fat-lines-up,,
arrow-fat-right,arrows,1,False,True,False,False,arrow fat right,,arrow-fat-right,,
arrow-fat-up,arrows,1,False,True,False,False,arrow fat up,,arrow-fat-up,,
arrow-left-end-on-rectangle,arrows,1,False,False,True,False,arrow left end on rectangle,,,arrow-left-end-on-rectangle,
arrow-left-from-line,arrows,1,True,False,False,False,arrow left from line,arrow-left-from-line,,,
arrow-left-on-rectangle,arrows,1,False,False,True,False,arrow left on rectangle,,,arrow-left-on-rectangle,
arrow-left-start-on-rectangle,arrows,1,False,False,True,False,arrow left start on rectangle,,,arrow-left-start-on-rectangle,
arrow-left-to-line,arrows,1,True,False,False,False,arrow left to line,arrow-left-to-line,,,
arrow-line-down,arrows,1,False,True,False,False,arrow line down,,arrow-line-down,,
arrow-line-down-right,arrows,1,False,True,False,False,arrow line down right,,arrow-line-down-right,,
arrow-line-left,arrows,1,False,True,False,False,arrow line left,,arrow-line-left,,
arrow-line-right,arrows,1,False,True,False,False,arrow line right,,arrow-line-right,,
arrow-line-up,arrows,1,False,True,False,False,arrow line up,,arrow-line-up,,
arrow-line-up-left,arrows,1,False,True,False,False,arrow line up left,,arrow-line-up-left,,
arrow-line-up-right,arrows,1,False,True,False,False,arrow line up right,,arrow-line-up-right,,
arrow-long-down,arrows,1,False,False,True,False,arrow long down,,,arrow-long-down,
arrow-long-left,arrows,1,False,False,True,False,arrow long left,,,arrow-long-left,
arrow-long-right,arrows,1,False,False,True,False,arrow long right,,,arrow-long-right,
arrow-long-up,arrows,1,False,False,True,False,arrow long up,,,arrow-long-up,
arrow-path-rounded-square,arrows,1,False,False,True,False,arrow path rounded square,,,arrow-path-rounded-square,
arrow-right-end-on-rectangle,arrows,1,False,False,True,False,arrow right end on rectangle,,,arrow-right-end-on-rectangle,
arrow-right-from-line,arrows,1,True,False,False,False,arrow right from line,arrow-right-from-line,,,
arrow-right-left,arrows,1,True,False,False,False,arrow right left,arrow-right-left,,,
arrow-right-on-rectangle,arrows,1,False,False,True,False,arrow right on rectangle,,,arrow-right-on-rectangle,
arrow-right-start-on-rectangle,arrows,1,False,False,True,False,arrow right start on rectangle,,,arrow-right-start-on-rectangle,
arrow-small-down,arrows,1,False,False,True,False,arrow small down,,,arrow-small-down,
arrow-small-left,arrows,1,False,False,True,False,arrow small left,,,arrow-small-left,
arrow-small-right,arrows,1,False,False,True,False,arrow small right,,,arrow-small-right,
arrow-small-up,arrows,1,False,False,True,False,arrow small up,,,arrow-small-up,
arrow-square-in,arrows,1,False,True,False,False,arrow square in,,arrow-square-in,,
arrow-turn-down-left,arrows,1,False,False,True,False,arrow turn down left,,,arrow-turn-down-left,
arrow-turn-down-right,arrows,1,False,False,True,False,arrow turn down right,,,arrow-turn-down-right,
arrow-turn-left-down,arrows,1,False,False,True,False,arrow turn left down,,,arrow-turn-left-down,
arrow-turn-left-up,arrows,1,False,False,True,False,arrow turn left up,,,arrow-turn-left-up,
arrow-turn-right-down,arrows,1,False,False,True,False,arrow turn right down,,,arrow-turn-right-down,
arrow-turn-right-up,arrows,1,False,False,True,False,arrow turn right up,,,arrow-turn-right-up,
arrow-turn-up-left,arrows,1,False,False,True,False,arrow turn up left,,,arrow-turn-up-left,
arrow-turn-up-right,arrows,1,False,False,True,False,arrow turn up right,,,arrow-turn-up-right,
arrow-u-down-left,arrows,1,False,True,False,False,arrow u down left,,arrow-u-down-left,,
arrow-u-down-right,arrows,1,False,True,False,False,arrow u down right,,arrow-u-down-right,,
arrow-u-left-down,arrows,1,False,True,False,False,arrow u left down,,arrow-u-left-down,,
arrow-u-left-up,arrows,1,False,True,False,False,arrow u left up,,arrow-u-left-up,,
arrow-u-right-down,arrows,1,False,True,False,False,arrow u right down,,arrow-u-right-down,,
arrow-u-right-up,arrows,1,False,True,False,False,arrow u right up,,arrow-u-right-up,,
arrow-u-up-left,arrows,1,False,True,False,False,arrow u up left,,arrow-u-up-left,,
arrow-u-up-right,arrows,1,False,True,False,False,arrow u up right,,arrow-u-up-right,,
arrow-up-0-1,arrows,1,True,False,False,False,arrow up 0 1,arrow-up-0-1,,,
arrow-up-1-0,arrows,1,True,False,False,False,arrow up 1 0,arrow-up-1-0,,,
arrow-up-a-z,arrows,1,True,False,False,False,arrow up a z,arrow-up-a-z,,,
arrow-up-from-dot,arrows,1,True,False,False,False,arrow up from dot,arrow-up-from-dot,,,
arrow-up-from-line,arrows,1,True,False,False,False,arrow up from line,arrow-up-from-line,,,
arrow-up-narrow-wide,arrows,1,True,False,False,False,arrow up narrow wide,arrow-up-narrow-wide,,,
arrow-up-on-square,arrows,1,False,False,True,False,arrow up on square,,,arrow-up-on-square,
arrow-up-on-square-stack,arrows,1,False,False,True,False,arrow up on square stack,,,arrow-up-on-square-stack,
arrow-up-to-line,arrows,1,True,False,False,False,arrow up to line,arrow-up-to-line,,,
arrow-up-wide-narrow,arrows,1,True,False,False,False,arrow up wide narrow,arrow-up-wide-narrow,,,
arrow-up-z-a,arrows,1,True,False,False,False,arrow up z a,arrow-up-z-a,,,
arrows-down-up,arrows,1,False,True,False,False,arrows down up,,arrows-down-up,,
arrows-horizontal,arrows,1,False,True,False,False,arrows horizontal,,arrows-horizontal,,
arrows-in-cardinal,arrows,1,False,True,False,False,arrows in cardinal,,arrows-in-cardinal,,
arrows-in-line-horizontal,arrows,1,False,True,False,False,arrows in line horizontal,,arrows-in-line-horizontal,,
arrows-in-line-vertical,arrows,1,False,True,False,False,arrows in line vertical,,arrows-in-line-vertical,,
arrows-left-right,arrows,1,False,True,False,False,arrows left right,,arrows-left-right,,
arrows-out-cardinal,arrows,1,False,True,False,False,arrows out cardinal,,arrows-out-cardinal,,
arrows-out-line-horizontal,arrows,1,False,True,False,False,arrows out line horizontal,,arrows-out-line-horizontal,,
arrows-out-line-vertical,arrows,1,False,True,False,False,arrows out line vertical,,arrows-out-line-vertical,,
arrows-up-down,arrows,1,False,False,True,False,arrows up down,,,arrows-up-down,
arrows-up-from-line,arrows,1,True,False,False,False,arrows up from line,arrows-up-from-line,,,
arrows-vertical,arrows,1,False,True,False,False,arrows vertical,,arrows-vertical,,
banknote-arrow-down,arrows,1,True,False,False,False,banknote arrow down,banknote-arrow-down,,,
banknote-arrow-up,arrows,1,True,False,False,False,banknote arrow up,banknote-arrow-up,,,
bars-arrow-down,arrows,1,False,False,True,False,bars arrow down,,,bars-arrow-down,
bars-arrow-up,arrows,1,False,False,True,False,bars arrow up,,,bars-arrow-up,
bow-arrow,arrows,1,True,False,False,False,bow arrow,bow-arrow,,,
box-arrow-down,arrows,1,False,True,False,False,box arrow down,,box-arrow-down,,
box-arrow-up,arrows,1,False,True,False,False,box arrow up,,box-arrow-up,,
calendar-arrow-down,arrows,1,True,False,False,False,calendar arrow down,calendar-arrow-down,,,
calendar-arrow-up,arrows,1,True,False,False,False,calendar arrow up,calendar-arrow-up,,,
campaign,arrows,1,False,False,False,True,campaign,,,,campaign
caret-circle-double-down,arrows,1,False,True,False,False,caret circle double down,,caret-circle-double-down,,
caret-circle-double-left,arrows,1,False,True,False,False,caret circle double left,,caret-circle-double-left,,
caret-circle-double-right,arrows,1,False,True,False,False,caret circle double right,,caret-circle-double-right,,
caret-circle-double-up,arrows,1,False,True,False,False,caret circle double up,,caret-circle-double-up,,
caret-circle-up-down,arrows,1,False,True,False,False,caret circle up down,,caret-circle-up-down,,
caret-line-down,arrows,1,False,True,False,False,caret line down,,caret-line-down,,
caret-line-left,arrows,1,False,True,False,False,caret line left,,caret-line-left,,
caret-line-right,arrows,1,False,True,False,False,caret line right,,caret-line-right,,
caret-line-up,arrows,1,False,True,False,False,caret line up,,caret-line-up,,
chevron-first,arrows,1,True,False,False,False,chevron first,chevron-first,,,
chevron-last,arrows,1,True,False,False,False,chevron last,chevron-last,,,
chevrons-left-right,arrows,1,True,False,False,False,chevrons left right,chevrons-left-right,,,
chevrons-left-right-ellipsis,arrows,1,True,False,False,False,chevrons left right ellipsis,chevrons-left-right-ellipsis,,,
chevrons-right-left,arrows,1,True,False,False,False,chevrons right left,chevrons-right-left,,,
circle-arrow-out-down-left,arrows,1,True,False,False,False,circle arrow out down left,circle-arrow-out-down-left,,,
circle-arrow-out-down-right,arrows,1,True,False,False,False,circle arrow out down right,circle-arrow-out-down-right,,,
circle-arrow-out-up-left,arrows,1,True,False,False,False,circle arrow out up left,circle-arrow-out-up-left,,,
circle-arrow-out-up-right,arrows,1,True,False,False,False,circle arrow out up right,circle-arrow-out-up-right,,,
circle-fading-arrow-up,arrows,1,True,False,False,False,circle fading arrow up,circle-fading-arrow-up,,,
clock-arrow-down,arrows,1,True,False,False,False,clock arrow down,clock-arrow-down,,,
clock-arrow-left,arrows,1,True,False,False,False,clock arrow left,clock-arrow-left,,,
clock-arrow-right,arrows,1,True,False,False,False,clock arrow right,clock-arrow-right,,,
clock-arrow-up,arrows,1,True,False,False,False,clock arrow up,clock-arrow-up,,,
corner-left-down,arrows,1,True,False,False,False,corner left down,corner-left-down,,,
corner-left-up,arrows,1,True,False,False,False,corner left up,corner-left-up,,,
corner-right-down,arrows,1,True,False,False,False,corner right down,corner-right-down,,,
corner-right-up,arrows,1,True,False,False,False,corner right up,corner-right-up,,,
corners-in,arrows,1,False,True,False,False,corners in,,corners-in,,
corners-out,arrows,1,False,True,False,False,corners out,,corners-out,,
cursor-arrow-rays,arrows,1,False,False,True,False,cursor arrow rays,,,cursor-arrow-rays,
cursor-arrow-ripple,arrows,1,False,False,True,False,cursor arrow ripple,,,cursor-arrow-ripple,
database-arrow-down,arrows,1,True,False,False,False,database arrow down,database-arrow-down,,,
database-arrow-up,arrows,1,True,False,False,False,database arrow up,database-arrow-up,,,
decimals-arrow-left,arrows,1,True,False,False,False,decimals arrow left,decimals-arrow-left,,,
decimals-arrow-right,arrows,1,True,False,False,False,decimals arrow right,decimals-arrow-right,,,
file-arrow-down,arrows,1,False,True,False,False,file arrow down,,file-arrow-down,,
file-arrow-up,arrows,1,False,True,False,False,file arrow up,,file-arrow-up,,
file-braces-corner,arrows,1,True,False,False,False,file braces corner,file-braces-corner,,,
file-check-corner,arrows,1,True,False,False,False,file check corner,file-check-corner,,,
file-code-corner,arrows,1,True,False,False,False,file code corner,file-code-corner,,,
file-minus-corner,arrows,1,True,False,False,False,file minus corner,file-minus-corner,,,
file-plus-corner,arrows,1,True,False,False,False,file plus corner,file-plus-corner,,,
file-search-corner,arrows,1,True,False,False,False,file search corner,file-search-corner,,,
file-type-corner,arrows,1,True,False,False,False,file type corner,file-type-corner,,,
file-x-corner,arrows,1,True,False,False,False,file x corner,file-x-corner,,,
flow-arrow,arrows,1,False,True,False,False,flow arrow,,flow-arrow,,
git-compare-arrows,arrows,1,True,False,False,False,git compare arrows,git-compare-arrows,,,
git-merge-conflict,arrows,1,True,False,False,False,git merge conflict,git-merge-conflict,,,
git-pull-request-arrow,arrows,1,True,False,False,False,git pull request arrow,git-pull-request-arrow,,,
git-pull-request-create-arrow,arrows,1,True,False,False,False,git pull request create arrow,git-pull-request-create-arrow,,,
hand-arrow-down,arrows,1,False,True,False,False,hand arrow down,,hand-arrow-down,,
hand-arrow-up,arrows,1,False,True,False,False,hand arrow up,,hand-arrow-up,,
inbox-arrow-down,arrows,1,False,False,True,False,inbox arrow down,,,inbox-arrow-down,
layer-arrow-down,arrows,1,True,False,False,False,layer arrow down,layer-arrow-down,,,
layer-arrow-up,arrows,1,True,False,False,False,layer arrow up,layer-arrow-up,,,
layers-arrow-down,arrows,1,True,False,False,False,layers arrow down,layers-arrow-down,,,
layers-arrow-up,arrows,1,True,False,False,False,layers arrow up,layers-arrow-up,,,
legend-toggle,arrows,1,False,False,False,True,legend toggle,,,,legend_toggle
list-chevrons-down-up,arrows,1,True,False,False,False,list chevrons down up,list-chevrons-down-up,,,
list-chevrons-up-down,arrows,1,True,False,False,False,list chevrons up down,list-chevrons-up-down,,,
list-collapse,arrows,1,True,False,False,False,list collapse,list-collapse,,,
menu-open,arrows,1,False,False,False,True,menu open,,,,menu_open
message-circle-reply,arrows,1,True,False,False,False,message circle reply,message-circle-reply,,,
message-square-reply,arrows,1,True,False,False,False,message square reply,message-square-reply,,,
move-diagonal,arrows,1,True,False,False,False,move diagonal,move-diagonal,,,
move-diagonal-2,arrows,1,True,False,False,False,move diagonal 2,move-diagonal-2,,,
move-down-left,arrows,1,True,False,False,False,move down left,move-down-left,,,
move-down-right,arrows,1,True,False,False,False,move down right,move-down-right,,,
move-horizontal,arrows,1,True,False,False,False,move horizontal,move-horizontal,,,
move-left,arrows,1,True,False,False,False,move left,move-left,,,
move-right,arrows,1,True,False,False,False,move right,move-right,,,
move-up-left,arrows,1,True,False,False,False,move up left,move-up-left,,,
move-up-right,arrows,1,True,False,False,False,move up right,move-up-right,,,
offline-share,arrows,1,False,False,False,True,offline share,,,,offline_share
shield-chevron,arrows,1,False,True,False,False,shield chevron,,shield-chevron,,
sneaker-move,arrows,1,False,True,False,False,sneaker move,,sneaker-move,,
split-horizontal,arrows,1,False,True,False,False,split horizontal,,split-horizontal,,
split-vertical,arrows,1,False,True,False,False,split vertical,,split-vertical,,
square-arrow-down-right,arrows,1,True,False,False,False,square arrow down right,square-arrow-down-right,,,
square-arrow-out-down-left,arrows,1,True,False,False,False,square arrow out down left,square-arrow-out-down-left,,,
square-arrow-out-down-right,arrows,1,True,False,False,False,square arrow out down right,square-arrow-out-down-right,,,
square-arrow-out-up-left,arrows,1,True,False,False,False,square arrow out up left,square-arrow-out-up-left,,,
square-arrow-out-up-right,arrows,1,True,False,False,False,square arrow out up right,square-arrow-out-up-right,,,
square-arrow-right-enter,arrows,1,True,False,False,False,square arrow right enter,square-arrow-right-enter,,,
square-arrow-right-exit,arrows,1,True,False,False,False,square arrow right exit,square-arrow-right-exit,,,
square-arrow-up-right,arrows,1,True,False,False,False,square arrow up right,square-arrow-up-right,,,
square-chevron-down,arrows,1,True,False,False,False,square chevron down,square-chevron-down,,,
square-chevron-left,arrows,1,True,False,False,False,square chevron left,square-chevron-left,,,
square-chevron-right,arrows,1,True,False,False,False,square chevron right,square-chevron-right,,,
square-chevron-up,arrows,1,True,False,False,False,square chevron up,square-chevron-up,,,
square-split-vertical,arrows,1,True,False,False,False,square split vertical,square-split-vertical,,,
step-forward,arrows,1,True,False,False,False,step forward,step-forward,,,
swap,arrows,1,False,True,False,False,swap,,swap,,
table-cells-merge,arrows,1,True,False,False,False,table cells merge,table-cells-merge,,,
table-cells-split,arrows,1,True,False,False,False,table cells split,table-cells-split,,,
table-columns-split,arrows,1,True,False,False,False,table columns split,table-columns-split,,,
table-rows-split,arrows,1,True,False,False,False,table rows split,table-rows-split,,,
tag-chevron,arrows,1,False,True,False,False,tag chevron,,tag-chevron,,
tray-arrow-down,arrows,1,False,True,False,False,tray arrow down,,tray-arrow-down,,
tray-arrow-up,arrows,1,False,True,False,False,tray arrow up,,tray-arrow-up,,
turntable,arrows,1,True,False,False,False,turntable,turntable,,,
user-round-arrow-left,arrows,1,True,False,False,False,user round arrow left,user-round-arrow-left,,,
waves-arrow-down,arrows,1,True,False,False,False,waves arrow down,waves-arrow-down,,,
waves-arrow-up,arrows,1,True,False,False,False,waves arrow up,waves-arrow-up,,,
wind-arrow-down,arrows,1,True,False,False,False,wind arrow down,wind-arrow-down,,,
amazon-logo,brands,1,False,True,False,False,amazon logo,,amazon-logo,,
angular-logo,brands,1,False,True,False,False,angular logo,,angular-logo,,
apple,brands,1,True,False,False,False,apple,apple,,,
apple-logo,brands,1,False,True,False,False,apple logo,,apple-logo,,
behance-logo,brands,1,False,True,False,False,behance logo,,behance-logo,,
brackets-square,brands,1,False,True,False,False,brackets square,,brackets-square,,
bubbles,brands,1,True,False,False,False,bubbles,bubbles,,,
coda-logo,brands,1,False,True,False,False,coda logo,,coda-logo,,
codepen-logo,brands,1,False,True,False,False,codepen logo,,codepen-logo,,
dev-to-logo,brands,1,False,True,False,False,dev to logo,,dev-to-logo,,
dribbble-logo,brands,1,False,True,False,False,dribbble logo,,dribbble-logo,,
fediverse-logo,brands,1,False,True,False,False,fediverse logo,,fediverse-logo,,
figma-logo,brands,1,False,True,False,False,figma logo,,figma-logo,,
flying-saucer,brands,1,False,True,False,False,flying saucer,,flying-saucer,,
github-logo,brands,1,False,True,False,False,github logo,,github-logo,,
goodreads-logo,brands,1,False,True,False,False,goodreads logo,,goodreads-logo,,
google-chrome-logo,brands,1,False,True,False,False,google chrome logo,,google-chrome-logo,,
google-drive-logo,brands,1,False,True,False,False,google drive logo,,google-drive-logo,,
google-logo,brands,1,False,True,False,False,google logo,,google-logo,,
intersect-square,brands,1,False,True,False,False,intersect square,,intersect-square,,
lastfm-logo,brands,1,False,True,False,False,lastfm logo,,lastfm-logo,,
markdown-logo,brands,1,False,True,False,False,markdown logo,,markdown-logo,,
mastodon-logo,brands,1,False,True,False,False,mastodon logo,,mastodon-logo,,
medium-logo,brands,1,False,True,False,False,medium logo,,medium-logo,,
messenger-logo,brands,1,False,True,False,False,messenger logo,,messenger-logo,,
meta-logo,brands,1,False,True,False,False,meta logo,,meta-logo,,
notion-logo,brands,1,False,True,False,False,notion logo,,notion-logo,,
ny-times-logo,brands,1,False,True,False,False,ny times logo,,ny-times-logo,,
open-ai-logo,brands,1,False,True,False,False,open ai logo,,open-ai-logo,,
patreon-logo,brands,1,False,True,False,False,patreon logo,,patreon-logo,,
paypal-logo,brands,1,False,True,False,False,paypal logo,,paypal-logo,,
phosphor-logo,brands,1,False,True,False,False,phosphor logo,,phosphor-logo,,
read-cv-logo,brands,1,False,True,False,False,read cv logo,,read-cv-logo,,
reddit-logo,brands,1,False,True,False,False,reddit logo,,reddit-logo,,
replit-logo,brands,1,False,True,False,False,replit logo,,replit-logo,,
screwdriver,brands,1,False,True,False,False,screwdriver,,screwdriver,,
sketch-logo,brands,1,False,True,False,False,sketch logo,,sketch-logo,,
skype-logo,brands,1,False,True,False,False,skype logo,,skype-logo,,
slack-logo,brands,1,False,True,False,False,slack logo,,slack-logo,,
spotify-logo,brands,1,False,True,False,False,spotify logo,,spotify-logo,,
square-2-stack,brands,1,False,False,True,False,square 2 stack,,,square-2-stack,
square-3-stack-3d,brands,1,False,False,True,False,square 3 stack 3d,,,square-3-stack-3d,
square-asterisk,brands,1,True,False,False,False,square asterisk,square-asterisk,,,
square-bottom-dashed-scissors,brands,1,True,False,False,False,square bottom dashed scissors,square-bottom-dashed-scissors,,,
square-centerline-dashed-horizontal,brands,1,True,False,False,False,square centerline dashed horizontal,square-centerline-dashed-horizontal,,,
square-centerline-dashed-vertical,brands,1,True,False,False,False,square centerline dashed vertical,square-centerline-dashed-vertical,,,
square-code,brands,1,True,False,False,False,square code,square-code,,,
square-dashed-bottom,brands,1,True,False,False,False,square dashed bottom,square-dashed-bottom,,,
square-dashed-bottom-code,brands,1,True,False,False,False,square dashed bottom code,square-dashed-bottom-code,,,
square-dot,brands,1,True,False,False,False,square dot,square-dot,,,
square-equal,brands,1,True,False,False,False,square equal,square-equal,,,
square-function,brands,1,True,False,False,False,square function,square-function,,,
square-half,brands,1,False,True,False,False,square half,,square-half,,
square-logo,brands,1,False,True,False,False,square logo,,square-logo,,
square-m,brands,1,True,False,False,False,square m,square-m,,,
square-off,brands,1,True,False,False,False,square off,square-off,,,
square-pi,brands,1,True,False,False,False,square pi,square-pi,,,
square-radical,brands,1,True,False,False,False,square radical,square-radical,,,
square-scissors,brands,1,True,False,False,False,square scissors,square-scissors,,,
square-sigma,brands,1,True,False,False,False,square sigma,square-sigma,,,
square-slash,brands,1,True,False,False,False,square slash,square-slash,,,
square-square,brands,1,True,False,False,False,square square,square-square,,,
square-terminal,brands,1,True,False,False,False,square terminal,square-terminal,,,
squares-intersect,brands,1,True,False,False,False,squares intersect,squares-intersect,,,
squares-subtract,brands,1,True,False,False,False,squares subtract,squares-subtract,,,
squares-unite,brands,1,True,False,False,False,squares unite,squares-unite,,,
stack-overflow-logo,brands,1,False,True,False,False,stack overflow logo,,stack-overflow-logo,,
subtract-square,brands,1,False,True,False,False,subtract square,,subtract-square,,
telegram-logo,brands,1,False,True,False,False,telegram logo,,telegram-logo,,
threads-logo,brands,1,False,True,False,False,threads logo,,threads-logo,,
tiktok-logo,brands,1,False,True,False,False,tiktok logo,,tiktok-logo,,
tumblr-logo,brands,1,False,True,False,False,tumblr logo,,tumblr-logo,,
twitch-logo,brands,1,False,True,False,False,twitch logo,,twitch-logo,,
twitter-logo,brands,1,False,True,False,False,twitter logo,,twitter-logo,,
unite-square,brands,1,False,True,False,False,unite square,,unite-square,,
vector-square,brands,1,True,False,False,False,vector square,vector-square,,,
webhooks-logo,brands,1,False,True,False,False,webhooks logo,,webhooks-logo,,
whatsapp-logo,brands,1,False,True,False,False,whatsapp logo,,whatsapp-logo,,
youtube-logo,brands,1,False,True,False,False,youtube logo,,youtube-logo,,
a-large-small,buildings,1,True,False,False,False,a large small,a-large-small,,,
auto-mode,buildings,1,False,False,False,True,auto mode,,,,auto_mode
balcony,buildings,1,False,False,False,True,balcony,,,,balcony
blinds-closed,buildings,1,False,False,False,True,blinds closed,,,,blinds_closed
brick-wall,buildings,1,True,False,False,False,brick wall,brick-wall,,,
building-apartment,buildings,1,False,True,False,False,building apartment,,building-apartment,,
building-office-2,buildings,1,False,False,True,False,building office 2,,,building-office-2,
buildings,buildings,1,False,True,False,False,buildings,,buildings,,
carpenter,buildings,1,False,False,False,True,carpenter,,,,carpenter
checkroom,buildings,1,False,False,False,True,checkroom,,,,checkroom
circle-small,buildings,1,True,False,False,False,circle small,circle-small,,,
crane-tower,buildings,1,False,True,False,False,crane tower,,crane-tower,,
curtains,buildings,1,False,False,False,True,curtains,,,,curtains
curtains-closed,buildings,1,False,False,False,True,curtains closed,,,,curtains_closed
door,buildings,1,False,True,False,False,door,,door,,
dry,buildings,1,False,False,False,True,dry,,,,dry
escalator,buildings,1,False,False,False,True,escalator,,,,escalator
escalator-down,buildings,1,False,True,False,False,escalator down,,escalator-down,,
escalator-up,buildings,1,False,True,False,False,escalator up,,escalator-up,,
escalator-warning,buildings,1,False,False,False,True,escalator warning,,,,escalator_warning
farm,buildings,1,False,True,False,False,farm,,farm,,
foundation,buildings,1,False,False,False,True,foundation,,,,foundation
free-breakfast,buildings,1,False,False,False,True,free breakfast,,,,free_breakfast
home-modern,buildings,1,False,False,True,False,home modern,,,home-modern,
house-line,buildings,1,False,True,False,False,house line,,house-line,,
houses,buildings,1,False,False,False,True,holiday village,,,,holiday_village
iron,buildings,1,False,False,False,True,iron,,,,iron
kitchen,buildings,1,False,False,False,True,countertops,,,,countertops
lamp-wall-down,buildings,1,True,False,False,False,lamp wall down,lamp-wall-down,,,
lamp-wall-up,buildings,1,True,False,False,False,lamp wall up,lamp-wall-up,,,
lighthouse,buildings,1,False,True,False,False,lighthouse,,lighthouse,,
meeting-room,buildings,1,False,False,False,True,meeting room,,,,meeting_room
nest-cam-wired-stand,buildings,1,False,False,False,True,nest cam wired stand,,,,nest_cam_wired_stand
night-shelter,buildings,1,False,False,False,True,night shelter,,,,night_shelter
no-backpack,buildings,1,False,False,False,True,no backpack,,,,no_backpack
no-meeting-room,buildings,1,False,False,False,True,no meeting room,,,,no_meeting_room
office-chair,buildings,1,False,True,False,False,office chair,,office-chair,,
roller-shades,buildings,1,False,False,False,True,roller shades,,,,roller_shades
roller-shades-closed,buildings,1,False,False,False,True,roller shades closed,,,,roller_shades_closed
roofing,buildings,1,False,False,False,True,roofing,,,,roofing
room-preferences,buildings,1,False,False,False,True,room preferences,,,,room_preferences
rv-hookup,buildings,1,False,False,False,True,rv hookup,,,,rv_hookup
sensor-door,buildings,1,False,False,False,True,sensor door,,,,sensor_door
sensor-occupied,buildings,1,False,False,False,True,sensor occupied,,,,sensor_occupied
sensor-window,buildings,1,False,False,False,True,sensor window,,,,sensor_window
shelves,buildings,1,False,False,False,True,shelves,,,,shelves
shield-moon,buildings,1,False,False,False,True,shield moon,,,,shield_moon
smoke-free,buildings,1,False,False,False,True,smoke free,,,,smoke_free
smoking-rooms,buildings,1,False,False,False,True,smoking rooms,,,,smoking_rooms
sunny-snowing,buildings,1,False,False,False,True,sunny snowing,,,,sunny_snowing
tty,buildings,1,False,False,False,True,tty,,,,tty
university,buildings,1,True,False,False,False,university,university,,,
vape-free,buildings,1,False,False,False,True,vape free,,,,vape_free
vaping-rooms,buildings,1,False,False,False,True,vaping rooms,,,,vaping_rooms
vertical-shades,buildings,1,False,False,False,True,vertical shades,,,,vertical_shades
vertical-shades-closed,buildings,1,False,False,False,True,vertical shades closed,,,,vertical_shades_closed
wall,buildings,1,False,True,False,False,wall,,wall,,
wash,buildings,1,False,False,False,True,wash,,,,wash
address-book,communication,1,False,True,False,False,address book,,address-book,,
address-book-tabs,communication,1,False,True,False,False,address book tabs,,address-book-tabs,,
app-registration,communication,1,False,False,False,True,app registration,,,,app_registration
apple-podcasts-logo,communication,1,False,True,False,False,apple podcasts logo,,apple-podcasts-logo,,
barbell,communication,1,False,True,False,False,barbell,,barbell,,
bell-alert,communication,1,False,False,True,False,bell alert,,,bell-alert,
bell-dot,communication,1,True,False,False,False,bell dot,bell-dot,,,
bell-electric,communication,1,True,False,False,False,bell electric,bell-electric,,,
bell-ring,communication,1,True,False,False,False,bell ring,bell-ring,,,
bell-ringing,communication,1,False,True,False,False,bell ringing,,bell-ringing,,
bell-simple-ringing,communication,1,False,True,False,False,bell simple ringing,,bell-simple-ringing,,
bell-simple-slash,communication,1,False,True,False,False,bell simple slash,,bell-simple-slash,,
bell-simple-z,communication,1,False,True,False,False,bell simple z,,bell-simple-z,,
bell-snooze,communication,1,False,False,True,False,bell snooze,,,bell-snooze,
bell-z,communication,1,False,True,False,False,bell z,,bell-z,,
book-headphones,communication,1,True,False,False,False,book headphones,book-headphones,,,
bot-message-square,communication,1,True,False,False,False,bot message square,bot-message-square,,,
cancel-presentation,communication,1,False,False,False,True,cancel presentation,,,,cancel_presentation
cell-wifi,communication,1,False,False,False,True,cell wifi,,,,cell_wifi
contact,communication,1,True,False,False,False,contact,contact,,,
contact-emergency,communication,1,False,False,False,True,contact emergency,,,,contact_emergency
contact-mail,communication,1,False,False,False,True,contact mail,,,,contact_mail
contact-phone,communication,1,False,False,False,True,contact phone,,,,contact_phone
contact-round,communication,1,True,False,False,False,contact round,contact-round,,,
contacts,communication,1,False,False,False,True,contacts,,,,contacts
file-headphone,communication,1,True,False,False,False,file headphone,file-headphone,,,
google-podcasts-logo,communication,1,False,True,False,False,google podcasts logo,,google-podcasts-logo,,
key-off,communication,1,False,False,False,True,key off,,,,key_off
list-alt,communication,1,False,False,False,True,list alt,,,,list_alt
mail-badge,communication,1,True,False,False,False,mail badge,mail-badge,,,
mail-lock,communication,1,False,False,False,True,mail lock,,,,mail_lock
mail-question-mark,communication,1,True,False,False,False,mail question mark,mail-question-mark,,,
mail-warning,communication,1,True,False,False,False,mail warning,mail-warning,,,
mails,communication,1,True,False,False,False,mails,mails,,,
mark-unread-chat-alt,communication,1,False,False,False,True,mark unread chat alt,,,,mark_unread_chat_alt
megaphone-off,communication,1,True,False,False,False,megaphone off,megaphone-off,,,
message-circle-code,communication,1,True,False,False,False,message circle code,message-circle-code,,,
message-circle-dashed,communication,1,True,False,False,False,message circle dashed,message-circle-dashed,,,
message-circle-heart,communication,1,True,False,False,False,message circle heart,message-circle-heart,,,
message-circle-question-mark,communication,1,True,False,False,False,message circle question mark,message-circle-question-mark,,,
message-square-code,communication,1,True,False,False,False,message square code,message-square-code,,,
message-square-dashed,communication,1,True,False,False,False,message square dashed,message-square-dashed,,,
message-square-diff,communication,1,True,False,False,False,message square diff,message-square-diff,,,
message-square-dot,communication,1,True,False,False,False,message square dot,message-square-dot,,,
message-square-heart,communication,1,True,False,False,False,message square heart,message-square-heart,,,
message-square-lock,communication,1,True,False,False,False,message square lock,message-square-lock,,,
message-square-share,communication,1,True,False,False,False,message square share,message-square-share,,,
message-square-warning,communication,1,True,False,False,False,message square warning,message-square-warning,,,
nat,communication,1,False,False,False,True,nat,,,,nat
notification,communication,1,False,True,False,False,notification,,notification,,
pause-presentation,communication,1,False,False,False,True,pause presentation,,,,pause_presentation
phone-x-mark,communication,1,False,False,False,True,call end,,,,call_end
phonelink-erase,communication,1,False,False,False,True,phonelink erase,,,,phonelink_erase
phonelink-lock,communication,1,False,False,False,True,phonelink lock,,,,phonelink_lock
phonelink-ring,communication,1,False,False,False,True,phonelink ring,,,,phonelink_ring
phonelink-setup,communication,1,False,False,False,True,phonelink setup,,,,phonelink_setup
read-more,communication,1,False,False,False,True,read more,,,,read_more
send-horizontal,communication,1,True,False,False,False,send horizontal,send-horizontal,,,
send-to-back,communication,1,True,False,False,False,send to back,send-to-back,,,
share-2,communication,1,True,False,False,False,share 2,share-2,,,
share-network,communication,1,False,True,False,False,share network,,share-network,,
smartphone-charging,communication,1,True,False,False,False,smartphone charging,smartphone-charging,,,
smartphone-nfc,communication,1,True,False,False,False,smartphone nfc,smartphone-nfc,,,
snapchat-logo,communication,1,False,True,False,False,snapchat logo,,snapchat-logo,,
spoke,communication,1,False,False,False,True,spoke,,,,spoke
wechat-logo,communication,1,False,True,False,False,wechat logo,,wechat-logo,,
antenna,connectivity,1,True,False,False,False,antenna,antenna,,,
castle-turret,connectivity,1,False,True,False,False,castle turret,,castle-turret,,
chart-network,connectivity,1,True,False,False,False,chart network,chart-network,,,
eclipse,connectivity,1,True,False,False,False,eclipse,eclipse,,,
ellipse,connectivity,1,True,False,False,False,ellipse,ellipse,,,
ethernet-port,connectivity,1,True,False,False,False,ethernet port,ethernet-port,,,
film-script,connectivity,1,False,True,False,False,film script,,film-script,,
film-strip,connectivity,1,False,True,False,False,film strip,,film-strip,,
flower-tulip,connectivity,1,False,True,False,False,flower tulip,,flower-tulip,,
globe-asia-australia,connectivity,1,False,False,True,False,globe asia australia,,,globe-asia-australia,
globe-europe-africa,connectivity,1,False,False,True,False,globe europe africa,,,globe-europe-africa,
globe-hemisphere-east,connectivity,1,False,True,False,False,globe hemisphere east,,globe-hemisphere-east,,
globe-hemisphere-west,connectivity,1,False,True,False,False,globe hemisphere west,,globe-hemisphere-west,,
globe-lock,connectivity,1,True,False,False,False,earth lock,earth-lock,,,
globe-stand,connectivity,1,False,True,False,False,globe stand,,globe-stand,,
house-wifi,connectivity,1,True,False,False,False,house wifi,house-wifi,,,
land-plot,connectivity,1,True,False,False,False,land plot,land-plot,,,
languages,connectivity,1,True,False,False,False,languages,languages,,,
link-2,connectivity,1,True,False,False,False,link 2,link-2,,,
link-simple-horizontal,connectivity,1,False,True,False,False,link simple horizontal,,link-simple-horizontal,,
link-simple-horizontal-break,connectivity,1,False,True,False,False,link simple horizontal break,,link-simple-horizontal-break,,
linkedin-logo,connectivity,1,False,True,False,False,linkedin logo,,linkedin-logo,,
linktree-logo,connectivity,1,False,True,False,False,linktree logo,,linktree-logo,,
magic-wand,connectivity,1,False,True,False,False,magic wand,,magic-wand,,
network-slash,connectivity,1,False,True,False,False,network slash,,network-slash,,
nuclear-plant,connectivity,1,False,True,False,False,nuclear plant,,nuclear-plant,,
philippine-peso,connectivity,1,True,False,False,False,philippine peso,philippine-peso,,,
pipe,connectivity,1,False,True,False,False,pipe,,pipe,,
planet,connectivity,1,False,True,False,False,planet,,planet,,
potted-plant,connectivity,1,False,True,False,False,potted plant,,potted-plant,,
radio-off,connectivity,1,True,False,False,False,radio off,radio-off,,,
radioactive,connectivity,1,False,True,False,False,radioactive,,radioactive,,
receipt-cent,connectivity,1,True,False,False,False,receipt cent,receipt-cent,,,
receipt-euro,connectivity,1,True,False,False,False,receipt euro,receipt-euro,,,
receipt-indian-rupee,connectivity,1,True,False,False,False,receipt indian rupee,receipt-indian-rupee,,,
receipt-japanese-yen,connectivity,1,True,False,False,False,receipt japanese yen,receipt-japanese-yen,,,
receipt-percent,connectivity,1,False,False,True,False,receipt percent,,,receipt-percent,
receipt-pound-sterling,connectivity,1,True,False,False,False,receipt pound sterling,receipt-pound-sterling,,,
receipt-russian-ruble,connectivity,1,True,False,False,False,receipt russian ruble,receipt-russian-ruble,,,
receipt-swiss-franc,connectivity,1,True,False,False,False,receipt swiss franc,receipt-swiss-franc,,,
receipt-turkish-lira,connectivity,1,True,False,False,False,receipt turkish lira,receipt-turkish-lira,,,
rectangle-ellipsis,connectivity,1,True,False,False,False,rectangle ellipsis,rectangle-ellipsis,,,
satellite-dish,connectivity,1,True,False,False,False,satellite dish,satellite-dish,,,
shield-ellipsis,connectivity,1,True,False,False,False,shield ellipsis,shield-ellipsis,,,
ship-wheel,connectivity,1,True,False,False,False,ship wheel,ship-wheel,,,
stripe-logo,connectivity,1,False,True,False,False,stripe logo,,stripe-logo,,
tickets-plane,connectivity,1,True,False,False,False,tickets plane,tickets-plane,,,
tip-jar,connectivity,1,False,True,False,False,tip jar,,tip-jar,,
tipi,connectivity,1,False,True,False,False,tipi,,tipi,,
traffic-signal,connectivity,1,False,True,False,False,traffic signal,,traffic-signal,,
wifi-pen,connectivity,1,True,False,False,False,wifi pen,wifi-pen,,,
1x-mobiledata,devices,1,False,False,False,True,1x mobiledata,,,,1x_mobiledata
3g-mobiledata,devices,1,False,False,False,True,3g mobiledata,,,,3g_mobiledata
4g-mobiledata,devices,1,False,False,False,True,4g mobiledata,,,,4g_mobiledata
4g-plus-mobiledata,devices,1,False,False,False,True,4g plus mobiledata,,,,4g_plus_mobiledata
ad-units,devices,1,False,False,False,True,ad units,,,,ad_units
aod,devices,1,False,False,False,True,aod,,,,aod
battery-charging-20,devices,1,False,False,False,True,battery charging 20,,,,battery_charging_20
battery-charging-30,devices,1,False,False,False,True,battery charging 30,,,,battery_charging_30
battery-charging-50,devices,1,False,False,False,True,battery charging 50,,,,battery_charging_50
battery-charging-60,devices,1,False,False,False,True,battery charging 60,,,,battery_charging_60
battery-charging-80,devices,1,False,False,False,True,battery charging 80,,,,battery_charging_80
battery-charging-90,devices,1,False,False,False,True,battery charging 90,,,,battery_charging_90
browser-not-supported,devices,1,False,False,False,True,browser not supported,,,,browser_not_supported
browser-updated,devices,1,False,False,False,True,browser updated,,,,browser_updated
cctv-off,devices,1,True,False,False,False,cctv off,cctv-off,,,
circle-power,devices,1,True,False,False,False,circle power,circle-power,,,
computer,devices,1,False,True,False,False,computer tower,,computer-tower,,
conveyor-belt,devices,1,False,False,False,True,conveyor belt,,,,conveyor_belt
data-saver-off,devices,1,False,False,False,True,data saver off,,,,data_saver_off
data-saver-on,devices,1,False,False,False,True,data saver on,,,,data_saver_on
data-usage,devices,1,False,False,False,True,data usage,,,,data_usage
dataset,devices,1,False,False,False,True,dataset,,,,dataset
dataset-linked,devices,1,False,False,False,True,dataset linked,,,,dataset_linked
developer-mode,devices,1,False,False,False,True,developer mode,,,,developer_mode
dvr,devices,1,False,False,False,True,dvr,,,,dvr
e-mobiledata,devices,1,False,False,False,True,e mobiledata,,,,e_mobiledata
edgesensor-high,devices,1,False,False,False,True,edgesensor high,,,,edgesensor_high
edgesensor-low,devices,1,False,False,False,True,edgesensor low,,,,edgesensor_low
flourescent,devices,1,False,False,False,True,flourescent,,,,flourescent
fluorescent,devices,1,False,False,False,True,fluorescent,,,,fluorescent
fmd-bad,devices,1,False,False,False,True,fmd bad,,,,fmd_bad
fmd-good,devices,1,False,False,False,True,fmd good,,,,fmd_good
front-loader,devices,1,False,False,False,True,front loader,,,,front_loader
g-mobiledata,devices,1,False,False,False,True,g mobiledata,,,,g_mobiledata
gamepad-directional,devices,1,True,False,False,False,gamepad directional,gamepad-directional,,,
gpu,devices,1,True,False,False,False,gpu,gpu,,,
grid-4x4,devices,1,False,False,False,True,grid 4x4,,,,grid_4x4
grid-goldenratio,devices,1,False,False,False,True,grid goldenratio,,,,grid_goldenratio
h-mobiledata,devices,1,False,False,False,True,h mobiledata,,,,h_mobiledata
h-plus-mobiledata,devices,1,False,False,False,True,h plus mobiledata,,,,h_plus_mobiledata
home-max,devices,1,False,False,False,True,home max,,,,home_max
home-mini,devices,1,False,False,False,True,home mini,,,,home_mini
house-plug,devices,1,True,False,False,False,house plug,house-plug,,,
keyboard-music,devices,1,True,False,False,False,keyboard music,keyboard-music,,,
keyboard-off,devices,1,True,False,False,False,keyboard off,keyboard-off,,,
lan,devices,1,False,False,False,True,lan,,,,lan
lte-mobiledata,devices,1,False,False,False,True,lte mobiledata,,,,lte_mobiledata
lte-plus-mobiledata,devices,1,False,False,False,True,lte plus mobiledata,,,,lte_plus_mobiledata
macro-off,devices,1,False,False,False,True,macro off,,,,macro_off
memory-stick,devices,1,True,False,False,False,memory stick,memory-stick,,,
mic-audio-lines,devices,1,True,False,False,False,mic audio lines,mic-audio-lines,,,
microchip,devices,1,True,False,False,False,microchip,microchip,,,
microsoft-outlook-logo,devices,1,False,True,False,False,microsoft outlook logo,,microsoft-outlook-logo,,
microsoft-powerpoint-logo,devices,1,False,True,False,False,microsoft powerpoint logo,,microsoft-powerpoint-logo,,
microsoft-teams-logo,devices,1,False,True,False,False,microsoft teams logo,,microsoft-teams-logo,,
monitor-cloud,devices,1,True,False,False,False,monitor cloud,monitor-cloud,,,
monitor-dot,devices,1,True,False,False,False,monitor dot,monitor-dot,,,
monitor-off,devices,1,True,False,False,False,monitor off,monitor-off,,,
monitor-speaker,devices,1,True,False,False,False,monitor speaker,monitor-speaker,,,
mouse-left,devices,1,True,False,False,False,mouse left,mouse-left,,,
mouse-off,devices,1,True,False,False,False,mouse off,mouse-off,,,
mouse-right,devices,1,True,False,False,False,mouse right,mouse-right,,,
nearby-error,devices,1,False,False,False,True,nearby error,,,,nearby_error
nearby-off,devices,1,False,False,False,True,nearby off,,,,nearby_off
pallet,devices,1,False,False,False,True,pallet,,,,pallet
plane-off,devices,1,False,False,False,True,airplanemode inactive,,,,airplanemode_inactive
plug-2,devices,1,True,False,False,False,plug 2,plug-2,,,
quiz,devices,1,False,False,False,True,quiz,,,,quiz
r-mobiledata,devices,1,False,False,False,True,r mobiledata,,,,r_mobiledata
remember-me,devices,1,False,False,False,True,remember me,,,,remember_me
reset-tv,devices,1,False,False,False,True,reset tv,,,,reset_tv
reviews,devices,1,False,False,False,True,reviews,,,,reviews
rsvp,devices,1,False,False,False,True,rsvp,,,,rsvp
screen-lock-landscape,devices,1,False,False,False,True,screen lock landscape,,,,screen_lock_landscape
screen-lock-portrait,devices,1,False,False,False,True,screen lock portrait,,,,screen_lock_portrait
screen-lock-rotation,devices,1,False,False,False,True,screen lock rotation,,,,screen_lock_rotation
screen-rotation,devices,1,False,False,False,True,screen rotation,,,,screen_rotation
server-crash,devices,1,True,False,False,False,server crash,server-crash,,,
server-off,devices,1,True,False,False,False,server off,server-off,,,
settings-system-daydream,devices,1,False,False,False,True,settings system daydream,,,,settings_system_daydream
shortcut,devices,1,False,False,False,True,shortcut,,,,shortcut
signal-cellular-connected-no-internet-0-bar,devices,1,False,False,False,True,signal cellular connected no internet 0 bar,,,,signal_cellular_connected_no_internet_0_bar
signal-cellular-connected-no-internet-1-bar,devices,1,False,False,False,True,signal cellular connected no internet 1 bar,,,,signal_cellular_connected_no_internet_1_bar
signal-cellular-connected-no-internet-2-bar,devices,1,False,False,False,True,signal cellular connected no internet 2 bar,,,,signal_cellular_connected_no_internet_2_bar
signal-cellular-connected-no-internet-3-bar,devices,1,False,False,False,True,signal cellular connected no internet 3 bar,,,,signal_cellular_connected_no_internet_3_bar
signal-cellular-connected-no-internet-4-bar,devices,1,False,False,False,True,signal cellular connected no internet 4 bar,,,,signal_cellular_connected_no_internet_4_bar
signal-wifi-0-bar,devices,1,False,False,False,True,signal wifi 0 bar,,,,signal_wifi_0_bar
signal-wifi-1-bar,devices,1,False,False,False,True,signal wifi 1 bar,,,,signal_wifi_1_bar
signal-wifi-1-bar-lock,devices,1,False,False,False,True,signal wifi 1 bar lock,,,,signal_wifi_1_bar_lock
signal-wifi-2-bar,devices,1,False,False,False,True,signal wifi 2 bar,,,,signal_wifi_2_bar
signal-wifi-2-bar-lock,devices,1,False,False,False,True,signal wifi 2 bar lock,,,,signal_wifi_2_bar_lock
signal-wifi-3-bar,devices,1,False,False,False,True,signal wifi 3 bar,,,,signal_wifi_3_bar
signal-wifi-3-bar-lock,devices,1,False,False,False,True,signal wifi 3 bar lock,,,,signal_wifi_3_bar_lock
signal-wifi-4-bar,devices,1,False,False,False,True,signal wifi 4 bar,,,,signal_wifi_4_bar
signal-wifi-4-bar-lock,devices,1,False,False,False,True,signal wifi 4 bar lock,,,,signal_wifi_4_bar_lock
signal-wifi-connected-no-internet-0,devices,1,False,False,False,True,signal wifi connected no internet 0,,,,signal_wifi_connected_no_internet_0
signal-wifi-connected-no-internet-1,devices,1,False,False,False,True,signal wifi connected no internet 1,,,,signal_wifi_connected_no_internet_1
signal-wifi-connected-no-internet-2,devices,1,False,False,False,True,signal wifi connected no internet 2,,,,signal_wifi_connected_no_internet_2
signal-wifi-connected-no-internet-3,devices,1,False,False,False,True,signal wifi connected no internet 3,,,,signal_wifi_connected_no_internet_3
signal-wifi-connected-no-internet-4,devices,1,False,False,False,True,signal wifi connected no internet 4,,,,signal_wifi_connected_no_internet_4
signal-wifi-statusbar-1-bar,devices,1,False,False,False,True,signal wifi statusbar 1 bar,,,,signal_wifi_statusbar_1_bar
signal-wifi-statusbar-2-bar,devices,1,False,False,False,True,signal wifi statusbar 2 bar,,,,signal_wifi_statusbar_2_bar
signal-wifi-statusbar-3-bar,devices,1,False,False,False,True,signal wifi statusbar 3 bar,,,,signal_wifi_statusbar_3_bar
signal-wifi-statusbar-4-bar,devices,1,False,False,False,True,signal wifi statusbar 4 bar,,,,signal_wifi_statusbar_4_bar
signal-wifi-statusbar-connected-no-internet,devices,1,False,False,False,True,signal wifi statusbar connected no internet,,,,signal_wifi_statusbar_connected_no_internet
signal-wifi-statusbar-connected-no-internet-1,devices,1,False,False,False,True,signal wifi statusbar connected no internet 1,,,,signal_wifi_statusbar_connected_no_internet_1
signal-wifi-statusbar-connected-no-internet-2,devices,1,False,False,False,True,signal wifi statusbar connected no internet 2,,,,signal_wifi_statusbar_connected_no_internet_2
signal-wifi-statusbar-connected-no-internet-3,devices,1,False,False,False,True,signal wifi statusbar connected no internet 3,,,,signal_wifi_statusbar_connected_no_internet_3
signal-wifi-statusbar-connected-no-internet-4,devices,1,False,False,False,True,signal wifi statusbar connected no internet 4,,,,signal_wifi_statusbar_connected_no_internet_4
splitscreen,devices,1,False,False,False,True,splitscreen,,,,splitscreen
square-power,devices,1,True,False,False,False,square power,square-power,,,
start,devices,1,False,False,False,True,start,,,,start
summarize,devices,1,False,False,False,True,summarize,,,,summarize
swatch,devices,1,False,False,True,False,swatch,,,swatch,
swatches,devices,1,False,True,False,False,swatches,,swatches,,
task,devices,1,False,False,False,True,task,,,,task
tungsten,devices,1,False,False,False,True,tungsten,,,,tungsten
tv-minimal-play,devices,1,True,False,False,False,tv minimal play,tv-minimal-play,,,
unplug,devices,1,True,False,False,False,unplug,unplug,,,
usb-off,devices,1,False,False,False,True,usb off,,,,usb_off
webcam-off,devices,1,True,False,False,False,webcam off,webcam-off,,,
webcam-slash,devices,1,False,True,False,False,webcam slash,,webcam-slash,,
article-medium,files-folders,1,False,True,False,False,article medium,,article-medium,,
article-ny-times,files-folders,1,False,True,False,False,article ny times,,article-ny-times,,
book-a,files-folders,1,True,False,False,False,book a,book-a,,,
book-alert,files-folders,1,True,False,False,False,book alert,book-alert,,,
book-audio,files-folders,1,True,False,False,False,book audio,book-audio,,,
book-bookmark,files-folders,1,False,True,False,False,book bookmark,,book-bookmark,,
book-dashed,files-folders,1,True,False,False,False,book dashed,book-dashed,,,
book-down,files-folders,1,True,False,False,False,book down,book-down,,,
book-heart,files-folders,1,True,False,False,False,book heart,book-heart,,,
book-image,files-folders,1,True,False,False,False,book image,book-image,,,
book-key,files-folders,1,True,False,False,False,book key,book-key,,,
book-lock,files-folders,1,True,False,False,False,book lock,book-lock,,,
book-open-user,files-folders,1,False,True,False,False,book open user,,book-open-user,,
book-up,files-folders,1,True,False,False,False,book up,book-up,,,
book-up-2,files-folders,1,True,False,False,False,book up 2,book-up-2,,,
bookmark-square,files-folders,1,False,False,True,False,bookmark square,,,bookmark-square,
books,files-folders,1,False,True,False,False,books,,books,,
building-library,files-folders,1,False,False,True,False,building library,,,building-library,
car-profile,files-folders,1,False,True,False,False,car profile,,car-profile,,
clipboard-clock,files-folders,1,True,False,False,False,clipboard clock,clipboard-clock,,,
clipboard-document,files-folders,1,False,False,True,False,clipboard document,,,clipboard-document,
clipboard-paste,files-folders,1,True,False,False,False,clipboard paste,clipboard-paste,,,
clipboard-pen,files-folders,1,True,False,False,False,clipboard pen,clipboard-pen,,,
clipboard-pen-line,files-folders,1,True,False,False,False,clipboard pen line,clipboard-pen-line,,,
database-zap,files-folders,1,True,False,False,False,database zap,database-zap,,,
drive-file-move,files-folders,1,False,False,False,True,drive file move,,,,drive_file_move
drive-file-move-outline,files-folders,1,False,False,False,True,drive file move outline,,,,drive_file_move_outline
drive-file-move-rtl,files-folders,1,False,False,False,True,drive file move rtl,,,,drive_file_move_rtl
drive-file-rename-outline,files-folders,1,False,False,False,True,drive file rename outline,,,,drive_file_rename_outline
facebook-logo,files-folders,1,False,True,False,False,facebook logo,,facebook-logo,,
file-badge,files-folders,1,True,False,False,False,file badge,file-badge,,,
file-braces,files-folders,1,True,False,False,False,file braces,file-braces,,,
file-chart-column-increasing,files-folders,1,True,False,False,False,file chart column increasing,file-chart-column-increasing,,,
file-chart-line,files-folders,1,True,False,False,False,file chart line,file-chart-line,,,
file-chart-pie,files-folders,1,True,False,False,False,file chart pie,file-chart-pie,,,
file-clock,files-folders,1,True,False,False,False,file clock,file-clock,,,
file-cloud,files-folders,1,False,True,False,False,file cloud,,file-cloud,,
file-dashed,files-folders,1,False,True,False,False,file dashed,,file-dashed,,
file-diff,files-folders,1,True,False,False,False,file diff,file-diff,,,
file-digit,files-folders,1,True,False,False,False,file digit,file-digit,,,
file-heart,files-folders,1,True,False,False,False,file heart,file-heart,,,
file-input,files-folders,1,True,False,False,False,file input,file-input,,,
file-key,files-folders,1,True,False,False,False,file key,file-key,,,
file-music,files-folders,1,True,False,False,False,file music,file-music,,,
file-output,files-folders,1,True,False,False,False,file output,file-output,,,
file-pen-line,files-folders,1,True,False,False,False,file pen line,file-pen-line,,,
file-play,files-folders,1,True,False,False,False,file play,file-play,,,
file-question-mark,files-folders,1,True,False,False,False,file question mark,file-question-mark,,,
file-signal,files-folders,1,True,False,False,False,file signal,file-signal,,,
file-svg,files-folders,1,False,True,False,False,file svg,,file-svg,,
file-symlink,files-folders,1,True,False,False,False,file symlink,file-symlink,,,
file-terminal,files-folders,1,True,False,False,False,file terminal,file-terminal,,,
file-user,files-folders,1,True,False,False,False,file user,file-user,,,
file-volume,files-folders,1,True,False,False,False,file volume,file-volume,,,
folder-archive,files-folders,1,True,False,False,False,folder archive,folder-archive,,,
folder-bookmark,files-folders,1,True,False,False,False,folder bookmark,folder-bookmark,,,
folder-clock,files-folders,1,True,False,False,False,folder clock,folder-clock,,,
folder-code,files-folders,1,True,False,False,False,folder code,folder-code,,,
folder-dashed,files-folders,1,False,True,False,False,folder dashed,,folder-dashed,,
folder-dot,files-folders,1,True,False,False,False,folder dot,folder-dot,,,
folder-git,files-folders,1,True,False,False,False,folder git,folder-git,,,
folder-git-2,files-folders,1,True,False,False,False,folder git 2,folder-git-2,,,
folder-heart,files-folders,1,True,False,False,False,folder heart,folder-heart,,,
folder-input,files-folders,1,True,False,False,False,folder input,folder-input,,,
folder-key,files-folders,1,True,False,False,False,folder key,folder-key,,,
folder-open-dot,files-folders,1,True,False,False,False,folder open dot,folder-open-dot,,,
folder-output,files-folders,1,True,False,False,False,folder output,folder-output,,,
folder-pen,files-folders,1,True,False,False,False,folder pen,folder-pen,,,
folder-root,files-folders,1,True,False,False,False,folder root,folder-root,,,
folder-symlink,files-folders,1,True,False,False,False,folder symlink,folder-symlink,,,
folder-tree,files-folders,1,True,False,False,False,folder tree,folder-tree,,,
folder-user,files-folders,1,False,True,False,False,folder simple user,,folder-simple-user,,
library-big,files-folders,1,True,False,False,False,library big,library-big,,,
music-notes,files-folders,1,False,True,False,False,music notes,,music-notes,,
musical-note,files-folders,1,False,False,True,False,musical note,,,musical-note,
newspaper-clipping,files-folders,1,False,True,False,False,newspaper clipping,,newspaper-clipping,,
notebook-pen,files-folders,1,True,False,False,False,notebook pen,notebook-pen,,,
notebook-tabs,files-folders,1,True,False,False,False,notebook tabs,notebook-tabs,,,
notepad,files-folders,1,False,True,False,False,notepad,,notepad,,
paper-bag,files-folders,1,True,False,False,False,paper bag,paper-bag,,,
square-library,files-folders,1,True,False,False,False,square library,square-library,,,
sticky-note-off,files-folders,1,True,False,False,False,sticky note off,sticky-note-off,,,
sticky-notes,files-folders,1,True,False,False,False,sticky notes,sticky-notes,,,
swatch-book,files-folders,1,True,False,False,False,swatch book,swatch-book,,,
tabs,files-folders,1,False,True,False,False,tabs,,tabs,,
toilet-paper,files-folders,1,False,True,False,False,toilet paper,,toilet-paper,,
app-store-logo,finance,1,False,True,False,False,app store logo,,app-store-logo,,
badge-euro,finance,1,True,False,False,False,badge euro,badge-euro,,,
badge-indian-rupee,finance,1,True,False,False,False,badge indian rupee,badge-indian-rupee,,,
badge-japanese-yen,finance,1,True,False,False,False,badge japanese yen,badge-japanese-yen,,,
badge-pound-sterling,finance,1,True,False,False,False,badge pound sterling,badge-pound-sterling,,,
badge-russian-ruble,finance,1,True,False,False,False,badge russian ruble,badge-russian-ruble,,,
badge-swiss-franc,finance,1,True,False,False,False,badge swiss franc,badge-swiss-franc,,,
badge-turkish-lira,finance,1,True,False,False,False,badge turkish lira,badge-turkish-lira,,,
bank,finance,1,False,True,False,False,bank,,bank,,
chart-bar-big,finance,1,True,False,False,False,chart bar big,chart-bar-big,,,
chart-bar-decreasing,finance,1,True,False,False,False,chart bar decreasing,chart-bar-decreasing,,,
chart-bar-increasing,finance,1,True,False,False,False,chart bar increasing,chart-bar-increasing,,,
chart-column,finance,1,True,False,False,False,chart column,chart-column,,,
chart-column-big,finance,1,True,False,False,False,chart column big,chart-column-big,,,
chart-column-decreasing,finance,1,True,False,False,False,chart column decreasing,chart-column-decreasing,,,
chart-column-increasing,finance,1,True,False,False,False,chart column increasing,chart-column-increasing,,,
chart-column-stacked,finance,1,True,False,False,False,chart column stacked,chart-column-stacked,,,
chart-polar,finance,1,False,True,False,False,chart polar,,chart-polar,,
chart-spline,finance,1,True,False,False,False,chart spline,chart-spline,,,
circle-euro,finance,1,True,False,False,False,circle euro,circle-euro,,,
circle-percent,finance,1,True,False,False,False,circle percent,circle-percent,,,
circle-pound-sterling,finance,1,True,False,False,False,circle pound sterling,circle-pound-sterling,,,
court-basketball,finance,1,False,True,False,False,court basketball,,court-basketball,,
currency-bangladeshi,finance,1,False,False,True,False,currency bangladeshi,,,currency-bangladeshi,
currency-eth,finance,1,False,True,False,False,currency eth,,currency-eth,,
currency-krw,finance,1,False,True,False,False,currency krw,,currency-krw,,
currency-kzt,finance,1,False,True,False,False,currency kzt,,currency-kzt,,
currency-ngn,finance,1,False,True,False,False,currency ngn,,currency-ngn,,
diamond-percent,finance,1,True,False,False,False,diamond percent,diamond-percent,,,
git-graph,finance,1,True,False,False,False,git graph,git-graph,,,
graph,finance,1,False,True,False,False,graph,,graph,,
graphics-card,finance,1,False,True,False,False,graphics card,,graphics-card,,
instagram-logo,finance,1,False,True,False,False,instagram logo,,instagram-logo,,
pentagram,finance,1,False,True,False,False,pentagram,,pentagram,,
square-chart-gantt,finance,1,True,False,False,False,square chart gantt,square-chart-gantt,,,
square-percent,finance,1,True,False,False,False,square percent,square-percent,,,
tags,finance,1,True,False,False,False,tags,tags,,,
trending-up-down,finance,1,True,False,False,False,trending up down,trending-up-down,,,
wallet-cards,finance,1,True,False,False,False,wallet cards,wallet-cards,,,
heart-off,health,1,True,False,False,False,heart off,heart-off,,,
house-heart,health,1,True,False,False,False,house heart,house-heart,,,
mask-happy,health,1,False,True,False,False,mask happy,,mask-happy,,
mask-sad,health,1,False,True,False,False,mask sad,,mask-sad,,
pill-bottle,health,1,True,False,False,False,pill bottle,pill-bottle,,,
square-activity,health,1,True,False,False,False,square activity,square-activity,,,
tooth,health,1,False,True,False,False,tooth,,tooth,,
venetian-mask,health,1,True,False,False,False,venetian mask,venetian-mask,,,
weight,health,1,True,False,False,False,weight,weight,,,
weight-tilde,health,1,True,False,False,False,weight tilde,weight-tilde,,,
add-business,maps-travel,1,False,False,False,True,add business,,,,add_business
agriculture,maps-travel,1,False,False,False,True,agriculture,,,,agriculture
atm,maps-travel,1,False,False,False,True,atm,,,,atm
barn,maps-travel,1,False,True,False,False,barn,,barn,,
barricade,maps-travel,1,False,True,False,False,barricade,,barricade,,
bars-2,maps-travel,1,False,False,True,False,bars 2,,,bars-2,
bars-3-bottom-left,maps-travel,1,False,False,True,False,bars 3 bottom left,,,bars-3-bottom-left,
bars-3-bottom-right,maps-travel,1,False,False,True,False,bars 3 bottom right,,,bars-3-bottom-right,
bars-3-center-left,maps-travel,1,False,False,True,False,bars 3 center left,,,bars-3-center-left,
bars-4,maps-travel,1,False,False,True,False,bars 4,,,bars-4,
beach-ball,maps-travel,1,False,True,False,False,beach ball,,beach-ball,,
boat,maps-travel,1,False,True,False,False,boat,,boat,,
bus-front,maps-travel,1,True,False,False,False,bus front,bus-front,,,
car-front,maps-travel,1,True,False,False,False,car front,car-front,,,
caravan,maps-travel,1,True,False,False,False,caravan,caravan,,,
cards,maps-travel,1,False,True,False,False,cards,,cards,,
cards-three,maps-travel,1,False,True,False,False,cards three,,cards-three,,
category,maps-travel,1,False,False,False,True,category,,,,category
circle-parking,maps-travel,1,True,False,False,False,circle parking,circle-parking,,,
circle-parking-off,maps-travel,1,True,False,False,False,circle parking off,circle-parking-off,,,
cleaning-services,maps-travel,1,False,False,False,True,cleaning services,,,,cleaning_services
coffee-bean,maps-travel,1,False,True,False,False,coffee bean,,coffee-bean,,
compass-rose,maps-travel,1,False,True,False,False,compass rose,,compass-rose,,
compass-tool,maps-travel,1,False,True,False,False,compass tool,,compass-tool,,
crisis-alert,maps-travel,1,False,False,False,True,crisis alert,,,,crisis_alert
drafting-compass,maps-travel,1,True,False,False,False,drafting compass,drafting-compass,,,
edit-attributes,maps-travel,1,False,False,False,True,edit attributes,,,,edit_attributes
electrical-services,maps-travel,1,False,False,False,True,electrical services,,,,electrical_services
emergency,maps-travel,1,False,False,False,True,emergency,,,,emergency
emergency-recording,maps-travel,1,False,False,False,True,emergency recording,,,,emergency_recording
emergency-share,maps-travel,1,False,False,False,True,emergency share,,,,emergency_share
fire-hydrant,maps-travel,1,False,False,False,True,fire hydrant alt,,,,fire_hydrant_alt
google-cardboard-logo,maps-travel,1,False,True,False,False,google cardboard logo,,google-cardboard-logo,,
hail,maps-travel,1,False,False,False,True,hail,,,,hail
hardware,maps-travel,1,False,False,False,True,hardware,,,,hardware
layers-clear,maps-travel,1,False,False,False,True,layers clear,,,,layers_clear
loader-pinwheel,maps-travel,1,True,False,False,False,loader pinwheel,loader-pinwheel,,,
local-activity,maps-travel,1,False,False,False,True,local activity,,,,local_activity
local-parking,maps-travel,1,False,False,False,True,local parking,,,,local_parking
local-play,maps-travel,1,False,False,False,True,local play,,,,local_play
local-shipping,maps-travel,1,False,False,False,True,local shipping,,,,local_shipping
map-pin-area,maps-travel,1,False,True,False,False,map pin area,,map-pin-area,,
map-pin-house,maps-travel,1,True,False,False,False,map pin house,map-pin-house,,,
map-pinned,maps-travel,1,True,False,False,False,map pinned,map-pinned,,,
maps-ugc,maps-travel,1,False,False,False,True,maps ugc,,,,maps_ugc
miscellaneous-services,maps-travel,1,False,False,False,True,miscellaneous services,,,,miscellaneous_services
mode-of-travel,maps-travel,1,False,False,False,True,mode of travel,,,,mode_of_travel
mountain-snow,maps-travel,1,True,False,False,False,mountain snow,mountain-snow,,,
moving,maps-travel,1,False,False,False,True,moving,,,,moving
multiple-stop,maps-travel,1,False,False,False,True,multiple stop,,,,multiple_stop
navigation-2-off,maps-travel,1,True,False,False,False,navigation 2 off,navigation-2-off,,,
no-transfer,maps-travel,1,False,False,False,True,no transfer,,,,no_transfer
parking-meter,maps-travel,1,True,False,False,False,parking meter,parking-meter,,,
ping-pong,maps-travel,1,False,True,False,False,ping pong,,ping-pong,,
pinterest-logo,maps-travel,1,False,True,False,False,pinterest logo,,pinterest-logo,,
pinwheel,maps-travel,1,False,True,False,False,pinwheel,,pinwheel,,
plumbing,maps-travel,1,False,False,False,True,plumbing,,,,plumbing
police-car,maps-travel,1,False,True,False,False,police car,,police-car,,
road,maps-travel,1,True,False,False,False,road,road,,,
road-horizon,maps-travel,1,False,True,False,False,road horizon,,road-horizon,,
route-off,maps-travel,1,True,False,False,False,route off,route-off,,,
run-circle,maps-travel,1,False,False,False,True,run circle,,,,run_circle
safety-check,maps-travel,1,False,False,False,True,safety check,,,,safety_check
screen-rotation-alt,maps-travel,1,False,False,False,True,screen rotation alt,,,,screen_rotation_alt
signpost-big,maps-travel,1,True,False,False,False,signpost big,signpost-big,,,
snowmobile,maps-travel,1,False,False,False,True,snowmobile,,,,snowmobile
sos,maps-travel,1,False,False,False,True,sos,,,,sos
spinner,maps-travel,1,False,True,False,False,spinner,,spinner,,
spinner-ball,maps-travel,1,False,True,False,False,spinner ball,,spinner-ball,,
spinner-gap,maps-travel,1,False,True,False,False,spinner gap,,spinner-gap,,
square-parking-off,maps-travel,1,True,False,False,False,square parking off,square-parking-off,,,
streetview,maps-travel,1,False,False,False,True,streetview,,,,streetview
temple,maps-travel,1,False,False,False,True,temple buddhist,,,,temple_buddhist
tent-tree,maps-travel,1,True,False,False,False,tent tree,tent-tree,,,
tire-repair,maps-travel,1,False,False,False,True,tire repair,,,,tire_repair
traffic,maps-travel,1,False,False,False,True,traffic,,,,traffic
traffic-sign,maps-travel,1,False,True,False,False,traffic sign,,traffic-sign,,
train-front,maps-travel,1,True,False,False,False,train front,train-front,,,
train-front-tunnel,maps-travel,1,True,False,False,False,train front tunnel,train-front-tunnel,,,
train-track,maps-travel,1,True,False,False,False,train track,train-track,,,
tram-front,maps-travel,1,True,False,False,False,tram front,tram-front,,,
tree-structure,maps-travel,1,False,True,False,False,tree structure,,tree-structure,,
truck-electric,maps-travel,1,True,False,False,False,truck electric,truck-electric,,,
truck-trailer,maps-travel,1,False,True,False,False,truck trailer,,truck-trailer,,
umbrella-off,maps-travel,1,True,False,False,False,umbrella off,umbrella-off,,,
10k,media,1,False,False,False,True,10k,,,,10k
1k,media,1,False,False,False,True,1k,,,,1k
1k-plus,media,1,False,False,False,True,1k plus,,,,1k_plus
2k,media,1,False,False,False,True,2k,,,,2k
2k-plus,media,1,False,False,False,True,2k plus,,,,2k_plus
3k,media,1,False,False,False,True,3k,,,,3k
3k-plus,media,1,False,False,False,True,3k plus,,,,3k_plus
4k-plus,media,1,False,False,False,True,4k plus,,,,4k_plus
5k,media,1,False,False,False,True,5k,,,,5k
5k-plus,media,1,False,False,False,True,5k plus,,,,5k_plus
6k,media,1,False,False,False,True,6k,,,,6k
6k-plus,media,1,False,False,False,True,6k plus,,,,6k_plus
7k,media,1,False,False,False,True,7k,,,,7k
7k-plus,media,1,False,False,False,True,7k plus,,,,7k_plus
8k,media,1,False,False,False,True,8k,,,,8k
8k-plus,media,1,False,False,False,True,8k plus,,,,8k_plus
9k,media,1,False,False,False,True,9k,,,,9k
9k-plus,media,1,False,False,False,True,9k plus,,,,9k_plus
broom-sparkles,media,1,True,False,False,False,broom sparkles,broom-sparkles,,,
brush-cleaning,media,1,True,False,False,False,brush cleaning,brush-cleaning,,,
bug-play,media,1,True,False,False,False,bug play,bug-play,,,
call-to-action,media,1,False,False,False,True,call to action,,,,call_to_action
control-camera,media,1,False,False,False,True,control camera,,,,control_camera
cowboy-hat,media,1,False,True,False,False,cowboy hat,,cowboy-hat,,
details,media,1,False,False,False,True,details,,,,details
disc-2,media,1,True,False,False,False,disc 2,disc-2,,,
disc-3,media,1,True,False,False,False,disc 3,disc-3,,,
disc-album,media,1,True,False,False,False,disc album,disc-album,,,
disco-ball,media,1,False,True,False,False,disco ball,,disco-ball,,
discord-logo,media,1,False,True,False,False,discord logo,,discord-logo,,
face-smile,media,1,False,False,False,True,face retouching natural,,,,face_retouching_natural
film-reel,media,1,False,True,False,False,film reel,,film-reel,,
film-slate,media,1,False,True,False,False,film slate,,film-slate,,
google-photos-logo,media,1,False,True,False,False,google photos logo,,google-photos-logo,,
google-play-logo,media,1,False,True,False,False,google play logo,,google-play-logo,,
grid-off,media,1,False,False,False,True,grid off,,,,grid_off
image-down,media,1,True,False,False,False,image down,image-down,,,
image-play,media,1,True,False,False,False,image play,image-play,,,
image-search,media,1,False,False,False,True,image search,,,,image_search
image-up,media,1,True,False,False,False,image up,image-up,,,
incomplete-circle,media,1,False,False,False,True,incomplete circle,,,,incomplete_circle
leak-add,media,1,False,False,False,True,leak add,,,,leak_add
leak-remove,media,1,False,False,False,True,leak remove,,,,leak_remove
logo-dev,media,1,False,False,False,True,logo dev,,,,logo_dev
music-2,media,1,True,False,False,False,music 2,music-2,,,
music-3,media,1,True,False,False,False,music 3,music-3,,,
music-4,media,1,True,False,False,False,music 4,music-4,,,
noise,media,1,False,False,False,True,grain,,,,grain
octagon-pause,media,1,True,False,False,False,octagon pause,octagon-pause,,,
paint-brush-broad,media,1,False,True,False,False,paint brush broad,,paint-brush-broad,,
paint-brush-household,media,1,False,True,False,False,paint brush household,,paint-brush-household,,
paintbrush-vertical,media,1,True,False,False,False,paintbrush vertical,paintbrush-vertical,,,
picture-in-picture-2,media,1,True,False,False,False,picture in picture 2,picture-in-picture-2,,,
portrait,media,1,False,False,False,True,portrait,,,,portrait
presentation-chart-bar,media,1,False,False,True,False,chart bar square,,,chart-bar-square,
projector,media,1,True,False,False,False,projector,projector,,,
raw-off,media,1,False,False,False,True,raw off,,,,raw_off
raw-on,media,1,False,False,False,True,raw on,,,,raw_on
record,media,1,False,True,False,False,record,,record,,
sort-by-alpha,media,1,False,False,False,True,sort by alpha,,,,sort_by_alpha
square-pause,media,1,True,False,False,False,square pause,square-pause,,,
square-play,media,1,True,False,False,False,square play,square-play,,,
square-stop,media,1,True,False,False,False,square stop,square-stop,,,
ticket-percent,media,1,True,False,False,False,ticket percent,ticket-percent,,,
ticket-slash,media,1,True,False,False,False,ticket slash,ticket-slash,,,
tickets,media,1,True,False,False,False,tickets,tickets,,,
vinyl-record,media,1,False,True,False,False,vinyl record,,vinyl-record,,
visor,media,1,False,True,False,False,visor,,visor,,
acorn,misc,1,False,True,False,False,acorn,,acorn,,
ad,misc,1,True,False,False,False,ad,ad,,,
air-vent,misc,1,True,False,False,False,air vent,air-vent,,,
ampersand,misc,1,True,False,False,False,ampersand,ampersand,,,
ampersands,misc,1,True,False,False,False,ampersands,ampersands,,,
amphora,misc,1,True,False,False,False,amphora,amphora,,,
anvil,misc,1,True,False,False,False,anvil,anvil,,,
asclepius,misc,1,False,True,False,False,asclepius,,asclepius,,
avocado,misc,1,False,True,False,False,avocado,,avocado,,
banana,misc,1,True,False,False,False,banana,banana,,,
baseball-cap,misc,1,False,True,False,False,baseball cap,,baseball-cap,,
baseball-helmet,misc,1,False,True,False,False,baseball helmet,,baseball-helmet,,
bean,misc,1,True,False,False,False,bean,bean,,,
bean-off,misc,1,True,False,False,False,bean off,bean-off,,,
beanie,misc,1,False,True,False,False,beanie,,beanie,,
belt,misc,1,False,True,False,False,belt,,belt,,
between-horizontal-end,misc,1,True,False,False,False,between horizontal end,between-horizontal-end,,,
between-vertical-end,misc,1,True,False,False,False,between vertical end,between-vertical-end,,,
blueprint,misc,1,False,True,False,False,blueprint,,blueprint,,
boot,misc,1,False,True,False,False,boot,,boot,,
bot-off,misc,1,True,False,False,False,bot off,bot-off,,,
bottle-wine,misc,1,True,False,False,False,bottle wine,bottle-wine,,,
boules,misc,1,False,True,False,False,boules,,boules,,
brackets-angle,misc,1,False,True,False,False,brackets angle,,brackets-angle,,
brackets-curly,misc,1,False,True,False,False,brackets curly,,brackets-curly,,
brackets-round,misc,1,False,True,False,False,brackets round,,brackets-round,,
bring-to-front,misc,1,True,False,False,False,bring to front,bring-to-front,,,
broccoli,misc,1,True,False,False,False,broccoli,broccoli,,,
bulldozer,misc,1,False,True,False,False,bulldozer,,bulldozer,,
candy,misc,1,True,False,False,False,candy,candy,,,
candy-cane,misc,1,True,False,False,False,candy cane,candy-cane,,,
candy-off,misc,1,True,False,False,False,candy off,candy-off,,,
cannabis,misc,1,True,False,False,False,cannabis,cannabis,,,
cannabis-off,misc,1,True,False,False,False,cannabis off,cannabis-off,,,
cheese,misc,1,False,True,False,False,cheese,,cheese,,
cigarette-off,misc,1,True,False,False,False,cigarette off,cigarette-off,,,
cigarette-slash,misc,1,False,True,False,False,cigarette slash,,cigarette-slash,,
circle-dot-dashed,misc,1,True,False,False,False,circle dot dashed,circle-dot-dashed,,,
circle-equal,misc,1,True,False,False,False,circle equal,circle-equal,,,
circle-gauge,misc,1,True,False,False,False,circle gauge,circle-gauge,,,
circle-off,misc,1,True,False,False,False,circle off,circle-off,,,
circle-pile,misc,1,True,False,False,False,circle pile,circle-pile,,,
circle-slash,misc,1,True,False,False,False,circle slash,circle-slash,,,
circle-slash-2,misc,1,True,False,False,False,circle slash 2,circle-slash-2,,,
circles-four,misc,1,False,True,False,False,circles four,,circles-four,,
circles-three,misc,1,False,True,False,False,circles three,,circles-three,,
city,misc,1,False,True,False,False,city,,city,,
coat-hanger,misc,1,False,True,False,False,coat hanger,,coat-hanger,,
combine,misc,1,True,False,False,False,combine,combine,,,
component,misc,1,True,False,False,False,component,component,,,
cone,misc,1,True,False,False,False,cone,cone,,,
control,misc,1,False,True,False,False,control,,control,,
couch,misc,1,False,True,False,False,couch,,couch,,
crane,misc,1,False,True,False,False,crane,,crane,,
creative-commons,misc,1,True,False,False,False,creative commons,creative-commons,,,
dam,misc,1,True,False,False,False,dam,dam,,,
diameter,misc,1,True,False,False,False,diameter,diameter,,,
diff,misc,1,True,False,False,False,diff,diff,,,
donut,misc,1,True,False,False,False,donut,donut,,,
dots-three-outline,misc,1,False,True,False,False,dots three outline,,dots-three-outline,,
dots-three-outline-vertical,misc,1,False,True,False,False,dots three outline vertical,,dots-three-outline-vertical,,
drama,misc,1,True,False,False,False,drama,drama,,,
dress,misc,1,False,True,False,False,dress,,dress,,
dresser,misc,1,False,True,False,False,dresser,,dresser,,
drill,misc,1,True,False,False,False,drill,drill,,,
drum,misc,1,True,False,False,False,drum,drum,,,
egg-fried,misc,1,True,False,False,False,egg fried,egg-fried,,,
egg-off,misc,1,True,False,False,False,egg off,egg-off,,,
empty,misc,1,False,True,False,False,empty,,empty,,
engine,misc,1,False,True,False,False,engine,,engine,,
fallout-shelter,misc,1,False,True,False,False,fallout shelter,,fallout-shelter,,
ferris-wheel,misc,1,True,False,False,False,ferris wheel,ferris-wheel,,,
floppy-disk,misc,1,False,True,False,False,floppy disk,,floppy-disk,,
floppy-disk-back,misc,1,False,True,False,False,floppy disk back,,floppy-disk-back,,
fold-horizontal,misc,1,True,False,False,False,fold horizontal,fold-horizontal,,,
fold-vertical,misc,1,True,False,False,False,fold vertical,fold-vertical,,,
football-helmet,misc,1,False,True,False,False,football helmet,,football-helmet,,
form,misc,1,True,False,False,False,form,form,,,
function,misc,1,False,True,False,False,function,,function,,
gem,misc,1,True,False,False,False,gem,gem,,,
gender-female,misc,1,False,True,False,False,gender female,,gender-female,,
gender-male,misc,1,False,True,False,False,gender male,,gender-male,,
gender-neuter,misc,1,False,True,False,False,gender neuter,,gender-neuter,,
gender-nonbinary,misc,1,False,True,False,False,gender nonbinary,,gender-nonbinary,,
gender-transgender,misc,1,False,True,False,False,gender transgender,,gender-transgender,,
georgian-lari,misc,1,True,False,False,False,georgian lari,georgian-lari,,,
git-compare,misc,1,True,False,False,False,git compare,git-compare,,,
git-diff,misc,1,False,True,False,False,git diff,,git-diff,,
git-pull-request-create,misc,1,True,False,False,False,git pull request create,git-pull-request-create,,,
git-pull-request-draft,misc,1,True,False,False,False,git pull request draft,git-pull-request-draft,,,
glasses,misc,1,True,False,False,False,glasses,glasses,,,
goal,misc,1,True,False,False,False,goal,goal,,,
goggles,misc,1,False,True,False,False,goggles,,goggles,,
grape,misc,1,True,False,False,False,grape,grape,,,
greater-than-or-equal,misc,1,False,True,False,False,greater than or equal,,greater-than-or-equal,,
hair-dryer,misc,1,False,True,False,False,hair dryer,,hair-dryer,,
hat-glasses,misc,1,True,False,False,False,hat glasses,hat-glasses,,,
haze,misc,1,True,False,False,False,haze,haze,,,
hdmi-port,misc,1,True,False,False,False,hdmi port,hdmi-port,,,
headlights,misc,1,False,True,False,False,headlights,,headlights,,
heater,misc,1,True,False,False,False,heater,heater,,,
helicopter,misc,1,True,False,False,False,helicopter,helicopter,,,
high-heel,misc,1,False,True,False,False,high heel,,high-heel,,
highlighter-circle,misc,1,False,True,False,False,highlighter circle,,highlighter-circle,,
hoodie,misc,1,False,True,False,False,hoodie,,hoodie,,
hop,misc,1,True,False,False,False,hop,hop,,,
hop-off,misc,1,True,False,False,False,hop off,hop-off,,,
import,misc,1,True,False,False,False,import,import,,,
intersect,misc,1,False,True,False,False,intersect,,intersect,,
intersect-three,misc,1,False,True,False,False,intersect three,,intersect-three,,
intersection,misc,1,False,True,False,False,intersection,,intersection,,
jar,misc,1,False,True,False,False,jar,,jar,,
jeep,misc,1,False,True,False,False,jeep,,jeep,,
ladder,misc,1,False,True,False,False,ladder,,ladder,,
lamp-ceiling,misc,1,True,False,False,False,lamp ceiling,lamp-ceiling,,,
lamp-desk,misc,1,True,False,False,False,lamp desk,lamp-desk,,,
lamp-floor,misc,1,True,False,False,False,lamp floor,lamp-floor,,,
layers-2,misc,1,True,False,False,False,layers 2,layers-2,,,
less-than-or-equal,misc,1,False,True,False,False,less than or equal,,less-than-or-equal,,
ligature,misc,1,True,False,False,False,ligature,ligature,,,
light-bulb,misc,1,False,False,True,False,light bulb,,,light-bulb,
lightbulb-filament,misc,1,False,True,False,False,lightbulb filament,,lightbulb-filament,,
lightbulb-off,misc,1,True,False,False,False,lightbulb off,lightbulb-off,,,
loader,misc,1,True,False,False,False,loader,loader,,,
log,misc,1,False,True,False,False,log,,log,,
log-in,misc,1,True,False,False,False,log in,log-in,,,
log-out,misc,1,True,False,False,False,log out,log-out,,,
logs,misc,1,True,False,False,False,logs,logs,,,
magnifying-glass-circle,misc,1,False,False,True,False,magnifying glass circle,,,magnifying-glass-circle,
marker-circle,misc,1,False,True,False,False,marker circle,,marker-circle,,
mars,misc,1,True,False,False,False,mars,mars,,,
mars-stroke,misc,1,True,False,False,False,mars stroke,mars-stroke,,,
member-of,misc,1,False,True,False,False,member of,,member-of,,
milk,misc,1,True,False,False,False,milk,milk,,,
milk-off,misc,1,True,False,False,False,milk off,milk-off,,,
needle,misc,1,False,True,False,False,needle,,needle,,
non-binary,misc,1,True,False,False,False,non binary,non-binary,,,
not-member-of,misc,1,False,True,False,False,not member of,,not-member-of,,
not-subset-of,misc,1,False,True,False,False,not subset of,,not-subset-of,,
not-superset-of,misc,1,False,True,False,False,not superset of,,not-superset-of,,
notches,misc,1,False,True,False,False,notches,,notches,,
number-0,misc,1,False,True,False,False,number circle zero,,number-circle-zero,,
number-1,misc,1,False,True,False,False,number circle one,,number-circle-one,,
number-2,misc,1,False,True,False,False,number circle two,,number-circle-two,,
number-3,misc,1,False,True,False,False,number circle three,,number-circle-three,,
number-4,misc,1,False,True,False,False,number circle four,,number-circle-four,,
number-5,misc,1,False,True,False,False,number circle five,,number-circle-five,,
number-6,misc,1,False,True,False,False,number circle six,,number-circle-six,,
number-7,misc,1,False,True,False,False,number seven,,number-seven,,
number-8,misc,1,False,True,False,False,number circle eight,,number-circle-eight,,
number-9,misc,1,False,True,False,False,number circle nine,,number-circle-nine,,
numpad,misc,1,False,True,False,False,numpad,,numpad,,
nut-off,misc,1,True,False,False,False,nut off,nut-off,,,
omega,misc,1,True,False,False,False,omega,omega,,,
origami,misc,1,True,False,False,False,origami,origami,,,
parallelogram,misc,1,False,True,False,False,parallelogram,,parallelogram,,
parentheses,misc,1,True,False,False,False,parentheses,parentheses,,,
path,misc,1,False,True,False,False,path,,path,,
pen-off,misc,1,True,False,False,False,pen off,pen-off,,,
pepper,misc,1,False,True,False,False,pepper,,pepper,,
perspective,misc,1,False,True,False,False,perspective,,perspective,,
phi,misc,1,True,False,False,False,phi,phi,,,
placeholder,misc,1,False,True,False,False,placeholder,,placeholder,,
pocket-knife,misc,1,True,False,False,False,pocket knife,pocket-knife,,,
podium,misc,1,True,False,False,False,podium,podium,,,
racquet,misc,1,False,True,False,False,racquet,,racquet,,
radiation,misc,1,True,False,False,False,radiation,radiation,,,
radius,misc,1,True,False,False,False,radius,radius,,,
ranking,misc,1,False,True,False,False,ranking,,ranking,,
rectangle-circle,misc,1,True,False,False,False,rectangle circle,rectangle-circle,,,
rectangle-dashed,misc,1,False,True,False,False,rectangle dashed,,rectangle-dashed,,
rectangle-goggles,misc,1,True,False,False,False,rectangle goggles,rectangle-goggles,,,
rectangle-horizontal,misc,1,True,False,False,False,rectangle horizontal,rectangle-horizontal,,,
rectangle-stack,misc,1,False,False,True,False,rectangle stack,,,rectangle-stack,
rectangle-vertical,misc,1,True,False,False,False,rectangle vertical,rectangle-vertical,,,
replace-all,misc,1,True,False,False,False,replace all,replace-all,,,
resize,misc,1,False,True,False,False,resize,,resize,,
rocking-chair,misc,1,True,False,False,False,rocking chair,rocking-chair,,,
roller-coaster,misc,1,True,False,False,False,roller coaster,roller-coaster,,,
rose,misc,1,True,False,False,False,rose,rose,,,
rug,misc,1,False,True,False,False,rug,,rug,,
salad,misc,1,True,False,False,False,salad,salad,,,
saudi-riyal,misc,1,True,False,False,False,saudi riyal,saudi-riyal,,,
scaling,misc,1,True,False,False,False,scaling,scaling,,,
scissors-line-dashed,misc,1,True,False,False,False,scissors line dashed,scissors-line-dashed,,,
scribble,misc,1,False,True,False,False,scribble,,scribble,,
scribble-loop,misc,1,False,True,False,False,scribble loop,,scribble-loop,,
seat,misc,1,False,True,False,False,seat,,seat,,
seatbelt,misc,1,False,True,False,False,seatbelt,,seatbelt,,
section,misc,1,True,False,False,False,section,section,,,
sheet,misc,1,True,False,False,False,sheet,sheet,,,
shell,misc,1,True,False,False,False,shell,shell,,,
shelving-unit,misc,1,True,False,False,False,shelving unit,shelving-unit,,,
shirt,misc,1,True,False,False,False,shirt,shirt,,,
shirt-folded,misc,1,False,True,False,False,shirt folded,,shirt-folded,,
shower-head,misc,1,True,False,False,False,shower head,shower-head,,,
shredder,misc,1,True,False,False,False,shredder,shredder,,,
shrink,misc,1,True,False,False,False,shrink,shrink,,,
shrub,misc,1,True,False,False,False,shrub,shrub,,,
sign-in,misc,1,False,True,False,False,sign in,,sign-in,,
sign-out,misc,1,False,True,False,False,sign out,,sign-out,,
slice,misc,1,True,False,False,False,slice,slice,,,
sneaker,misc,1,False,True,False,False,sneaker,,sneaker,,
sock,misc,1,False,True,False,False,sock,,sock,,
sofa,misc,1,True,False,False,False,sofa,sofa,,,
soup,misc,1,True,False,False,False,soup,soup,,,
speech,misc,1,True,False,False,False,speech,speech,,,
spiral,misc,1,False,True,False,False,spiral,,spiral,,
spool,misc,1,True,False,False,False,spool,spool,,,
sport-shoe,misc,1,True,False,False,False,sport shoe,sport-shoe,,,
spotlight,misc,1,True,False,False,False,spotlight,spotlight,,,
spray-bottle,misc,1,False,True,False,False,spray bottle,,spray-bottle,,
spray-can,misc,1,True,False,False,False,spray can,spray-can,,,
squircle,misc,1,True,False,False,False,squircle,squircle,,,
squircle-dashed,misc,1,True,False,False,False,squircle dashed,squircle-dashed,,,
stack,misc,1,False,True,False,False,stack,,stack,,
steering-wheel,misc,1,False,True,False,False,steering wheel,,steering-wheel,,
stone,misc,1,True,False,False,False,stone,stone,,,
stool,misc,1,False,True,False,False,stool,,stool,,
subset-of,misc,1,False,True,False,False,subset of,,subset-of,,
subset-proper-of,misc,1,False,True,False,False,subset proper of,,subset-proper-of,,
subtract,misc,1,False,True,False,False,subtract,,subtract,,
summary,misc,1,True,False,False,False,summary,summary,,,
superset-of,misc,1,False,True,False,False,superset of,,superset-of,,
superset-proper-of,misc,1,False,True,False,False,superset proper of,,superset-proper-of,,
t-shirt,misc,1,False,True,False,False,t shirt,,t-shirt,,
tally-1,misc,1,True,False,False,False,tally 1,tally-1,,,
tally-2,misc,1,True,False,False,False,tally 2,tally-2,,,
tally-3,misc,1,True,False,False,False,tally 3,tally-3,,,
tally-4,misc,1,True,False,False,False,tally 4,tally-4,,,
tally-5,misc,1,True,False,False,False,tally 5,tally-5,,,
tangent,misc,1,True,False,False,False,tangent,tangent,,,
three-d,misc,1,False,True,False,False,three d,,three-d,,
tilde,misc,1,False,True,False,False,tilde,,tilde,,
tire,misc,1,False,True,False,False,tire,,tire,,
towel,misc,1,False,True,False,False,towel,,towel,,
towel-rack,misc,1,True,False,False,False,towel rack,towel-rack,,,
trademark,misc,1,False,True,False,False,trademark,,trademark,,
trademark-registered,misc,1,False,True,False,False,trademark registered,,trademark-registered,,
tray,misc,1,False,True,False,False,tray,,tray,,
treasure-chest,misc,1,False,True,False,False,treasure chest,,treasure-chest,,
triangle-right,misc,1,True,False,False,False,triangle right,triangle-right,,,
unfold-horizontal,misc,1,True,False,False,False,unfold horizontal,unfold-horizontal,,,
unfold-vertical,misc,1,True,False,False,False,unfold vertical,unfold-vertical,,,
union,misc,1,False,True,False,False,union,,union,,
unite,misc,1,False,True,False,False,unite,,unite,,
utensils-crossed,misc,1,True,False,False,False,utensils crossed,utensils-crossed,,,
utility-pole,misc,1,True,False,False,False,utility pole,utility-pole,,,
vegan,misc,1,True,False,False,False,vegan,vegan,,,
venus,misc,1,True,False,False,False,venus,venus,,,
venus-and-mars,misc,1,True,False,False,False,venus and mars,venus-and-mars,,,
virtual-reality,misc,1,False,True,False,False,virtual reality,,virtual-reality,,
vote,misc,1,True,False,False,False,vote,vote,,,
waypoints,misc,1,True,False,False,False,waypoints,waypoints,,,
webhook-off,misc,1,True,False,False,False,webhook off,webhook-off,,,
wine-off,misc,1,True,False,False,False,wine off,wine-off,,,
workflow,misc,1,True,False,False,False,workflow,workflow,,,
yarn,misc,1,False,True,False,False,yarn,,yarn,,
yin-yang,misc,1,False,True,False,False,yin yang,,yin-yang,,
zodiac-aquarius,misc,1,True,False,False,False,zodiac aquarius,zodiac-aquarius,,,
zodiac-aries,misc,1,True,False,False,False,zodiac aries,zodiac-aries,,,
zodiac-cancer,misc,1,True,False,False,False,zodiac cancer,zodiac-cancer,,,
zodiac-capricorn,misc,1,True,False,False,False,zodiac capricorn,zodiac-capricorn,,,
zodiac-gemini,misc,1,True,False,False,False,zodiac gemini,zodiac-gemini,,,
zodiac-leo,misc,1,True,False,False,False,zodiac leo,zodiac-leo,,,
zodiac-libra,misc,1,True,False,False,False,zodiac libra,zodiac-libra,,,
zodiac-ophiuchus,misc,1,True,False,False,False,zodiac ophiuchus,zodiac-ophiuchus,,,
zodiac-pisces,misc,1,True,False,False,False,zodiac pisces,zodiac-pisces,,,
zodiac-sagittarius,misc,1,True,False,False,False,zodiac sagittarius,zodiac-sagittarius,,,
zodiac-scorpio,misc,1,True,False,False,False,zodiac scorpio,zodiac-scorpio,,,
zodiac-taurus,misc,1,True,False,False,False,zodiac taurus,zodiac-taurus,,,
zodiac-virgo,misc,1,True,False,False,False,zodiac virgo,zodiac-virgo,,,
alien,nature,1,False,True,False,False,alien,,alien,,
beef,nature,1,True,False,False,False,beef,beef,,,
beef-off,nature,1,True,False,False,False,beef off,beef-off,,,
beer-off,nature,1,True,False,False,False,beer off,beer-off,,,
birdhouse,nature,1,True,False,False,False,birdhouse,birdhouse,,,
bone-fracture,nature,1,True,False,False,False,bone fracture,bone-fracture,,,
bowl-steam,nature,1,False,True,False,False,bowl steam,,bowl-steam,,
bowling-ball,nature,1,False,True,False,False,bowling ball,,bowling-ball,,
bug-off,nature,1,True,False,False,False,bug off,bug-off,,,
butterfly,nature,1,False,True,False,False,butterfly,,butterfly,,
cactus,nature,1,False,True,False,False,cactus,,cactus,,
cow,nature,1,False,True,False,False,cow,,cow,,
fish-off,nature,1,True,False,False,False,fish off,fish-off,,,
fishing-rod,nature,1,True,False,False,False,fishing rod,fishing-rod,,,
flag-pennant,nature,1,False,True,False,False,flag pennant,,flag-pennant,,
flower-2,nature,1,True,False,False,False,flower 2,flower-2,,,
flower-lotus,nature,1,False,True,False,False,flower lotus,,flower-lotus,,
horse,nature,1,False,True,False,False,horse,,horse,,
iteration-ccw,nature,1,True,False,False,False,iteration ccw,iteration-ccw,,,
iteration-cw,nature,1,True,False,False,False,iteration cw,iteration-cw,,,
lamp-pendant,nature,1,False,True,False,False,lamp pendant,,lamp-pendant,,
panda,nature,1,True,False,False,False,panda,panda,,,
pants,nature,1,False,True,False,False,pants,,pants,,
ratio,nature,1,True,False,False,False,ratio,ratio,,,
snail,nature,1,True,False,False,False,snail,snail,,,
squirrel,nature,1,True,False,False,False,squirrel,squirrel,,,
strategy,nature,1,False,True,False,False,strategy,,strategy,,
turtle,nature,1,True,False,False,False,turtle,turtle,,,
vibrate-off,nature,1,True,False,False,False,vibrate off,vibrate-off,,,
worm,nature,1,True,False,False,False,worm,worm,,,
18-up-rating,people,1,False,False,False,True,18 up rating,,,,18_up_rating
6-ft-apart,people,1,False,False,False,True,6 ft apart,,,,6_ft_apart
add-moderator,people,1,False,False,False,True,add moderator,,,,add_moderator
add-reaction,people,1,False,False,False,True,add reaction,,,,add_reaction
architecture,people,1,False,False,False,True,architecture,,,,architecture
building-plus,people,1,False,False,False,True,domain add,,,,domain_add
cake-slice,people,1,True,False,False,False,cake slice,cake-slice,,,
catching-pokemon,people,1,False,False,False,True,catching pokemon,,,,catching_pokemon
chess-bishop,people,1,True,False,False,False,chess bishop,chess-bishop,,,
chess-knight,people,1,True,False,False,False,chess knight,chess-knight,,,
chess-pawn,people,1,True,False,False,False,chess pawn,chess-pawn,,,
circle-user-round,people,1,True,False,False,False,circle user round,circle-user-round,,,
clock-user,people,1,False,True,False,False,clock user,,clock-user,,
connect-without-contact,people,1,False,False,False,True,connect without contact,,,,connect_without_contact
cruelty-free,people,1,False,False,False,True,cruelty free,,,,cruelty_free
deck,people,1,False,False,False,True,deck,,,,deck
edit-notifications,people,1,False,False,False,True,edit notifications,,,,edit_notifications
emoji-flags,people,1,False,False,False,True,emoji flags,,,,emoji_flags
emoji-food-beverage,people,1,False,False,False,True,emoji food beverage,,,,emoji_food_beverage
emoji-nature,people,1,False,False,False,True,emoji nature,,,,emoji_nature
emoji-objects,people,1,False,False,False,True,emoji objects,,,,emoji_objects
emoji-people,people,1,False,False,False,True,emoji people,,,,emoji_people
emoji-symbols,people,1,False,False,False,True,emoji symbols,,,,emoji_symbols
emoji-transportation,people,1,False,False,False,True,emoji transportation,,,,emoji_transportation
face-2,people,1,False,False,False,True,face 2,,,,face_2
face-3,people,1,False,False,False,True,face 3,,,,face_3
face-4,people,1,False,False,False,True,face 4,,,,face_4
face-5,people,1,False,False,False,True,face 5,,,,face_5
face-6,people,1,False,False,False,True,face 6,,,,face_6
face-angry,people,1,True,False,False,False,face angry,face-angry,,,
face-slightly-frowning,people,1,True,False,False,False,face slightly frowning,face-slightly-frowning,,,
face-slightly-smiling,people,1,True,False,False,False,face slightly smiling,face-slightly-smiling,,,
facebook,people,1,False,False,False,True,facebook,,,,facebook
female,people,1,False,False,False,True,female,,,,female
finn-the-human,people,1,False,True,False,False,finn the human,,finn-the-human,,
fitbit,people,1,False,False,False,True,fitbit,,,,fitbit
follow-the-signs,people,1,False,False,False,True,follow the signs,,,,follow_the_signs
gift-top,people,1,False,False,True,False,gift top,,,gift-top,
golf,people,1,False,False,False,True,sports golf,,,,sports_golf
group-off,people,1,False,False,False,True,group off,,,,group_off
group-remove,people,1,False,False,False,True,group remove,,,,group_remove
hive,people,1,False,False,False,True,hive,,,,hive
interests,people,1,False,False,False,True,interests,,,,interests
kite,people,1,False,False,False,True,kitesurfing,,,,kitesurfing
male,people,1,False,False,False,True,male,,,,male
medal-military,people,1,False,True,False,False,medal military,,medal-military,,
no-adult-content,people,1,False,False,False,True,no adult content,,,,no_adult_content
notification-add,people,1,False,False,False,True,notification add,,,,notification_add
notifications,people,1,False,False,False,True,notifications,,,,notifications
notifications-active,people,1,False,False,False,True,notifications active,,,,notifications_active
notifications-none,people,1,False,False,False,True,notifications none,,,,notifications_none
notifications-off,people,1,False,False,False,True,notifications off,,,,notifications_off
notifications-paused,people,1,False,False,False,True,notifications paused,,,,notifications_paused
outdoor-grill,people,1,False,False,False,True,outdoor grill,,,,outdoor_grill
pages,people,1,False,False,False,True,pages,,,,pages
person-biking,people,1,False,True,False,False,person simple bike,,person-simple-bike,,
person-skating,people,1,False,False,False,True,ice skating,,,,ice_skating
person-sledding,people,1,False,False,False,True,sledding,,,,sledding
person-swimming,people,1,False,True,False,False,person simple swim,,person-simple-swim,,
piano-off,people,1,False,False,False,True,piano off,,,,piano_off
pix,people,1,False,False,False,True,pix,,,,pix
precision-manufacturing,people,1,False,False,False,True,precision manufacturing,,,,precision_manufacturing
puzzle,people,1,True,False,False,False,puzzle,puzzle,,,
real-estate-agent,people,1,False,False,False,True,real estate agent,,,,real_estate_agent
rectangle-group,people,1,False,False,True,False,rectangle group,,,rectangle-group,
reduce-capacity,people,1,False,False,False,True,reduce capacity,,,,reduce_capacity
remove-moderator,people,1,False,False,False,True,remove moderator,,,,remove_moderator
safety-divider,people,1,False,False,False,True,safety divider,,,,safety_divider
self-improvement,people,1,False,False,False,True,self improvement,,,,self_improvement
smiley-angry,people,1,False,True,False,False,smiley angry,,smiley-angry,,
smiley-melting,people,1,False,True,False,False,smiley melting,,smiley-melting,,
smiley-nervous,people,1,False,True,False,False,smiley nervous,,smiley-nervous,,
smiley-sad,people,1,False,True,False,False,smiley sad,,smiley-sad,,
smiley-sticker,people,1,False,True,False,False,smiley sticker,,smiley-sticker,,
smiley-wink,people,1,False,True,False,False,smiley wink,,smiley-wink,,
snowshoeing,people,1,False,False,False,True,snowshoeing,,,,snowshoeing
social-distance,people,1,False,False,False,True,social distance,,,,social_distance
square-user-round,people,1,True,False,False,False,square user round,square-user-round,,,
ungroup,people,1,True,False,False,False,ungroup,ungroup,,,
user-circle-dashed,people,1,False,True,False,False,user circle dashed,,user-circle-dashed,,
user-key,people,1,True,False,False,False,user key,user-key,,,
user-pen,people,1,True,False,False,False,user pen,user-pen,,,
user-rectangle,people,1,False,True,False,False,user rectangle,,user-rectangle,,
user-round,people,1,True,False,False,False,user round,user-round,,,
user-round-key,people,1,True,False,False,False,user round key,user-round-key,,,
user-round-pen,people,1,True,False,False,False,user round pen,user-round-pen,,,
user-shield,people,1,True,False,False,False,user shield,user-shield,,,
user-sound,people,1,False,True,False,False,user sound,,user-sound,,
user-square,people,1,False,True,False,False,user square,,user-square,,
user-star,people,1,True,False,False,False,user star,user-star,,,
users-four,people,1,False,True,False,False,users four,,users-four,,
users-round,people,1,True,False,False,False,users round,users-round,,,
users-three,people,1,False,True,False,False,users three,,users-three,,
volcano,people,1,False,False,False,True,volcano,,,,volcano
whatsapp,people,1,False,False,False,True,whatsapp,,,,whatsapp
circuitry,science,1,False,True,False,False,circuitry,,circuitry,,
dna-off,science,1,True,False,False,False,dna off,dna-off,,,
flask-conical-off,science,1,True,False,False,False,flask conical off,flask-conical-off,,,
flask-round,science,1,True,False,False,False,flask round,flask-round,,,
gitlab,science,1,False,True,False,False,gitlab logo simple,,gitlab-logo-simple,,
gitlab-logo,science,1,False,True,False,False,gitlab logo,,gitlab-logo,,
jar-label,science,1,False,True,False,False,jar label,,jar-label,,
magnet-straight,science,1,False,True,False,False,magnet straight,,magnet-straight,,
meteor,science,1,False,True,False,False,meteor,,meteor,,
orbit,science,1,True,False,False,False,orbit,orbit,,,
telescope,science,1,True,False,False,False,telescope,telescope,,,
test-tube-diagonal,science,1,True,False,False,False,test tube diagonal,test-tube-diagonal,,,
test-tubes,science,1,True,False,False,False,test tubes,test-tubes,,,
android-logo,security,1,False,True,False,False,android logo,,android-logo,,
astroid,security,1,True,False,False,False,astroid,astroid,,,
badge-cent,security,1,True,False,False,False,badge cent,badge-cent,,,
badge-info,security,1,True,False,False,False,badge info,badge-info,,,
brick-wall-shield,security,1,True,False,False,False,brick wall shield,brick-wall-shield,,,
bridge,security,1,False,True,False,False,bridge,,bridge,,
calendar-clock,security,1,True,False,False,False,calendar clock,calendar-clock,,,
circle-divide,security,1,True,False,False,False,circle divide,circle-divide,,,
clock-1,security,1,True,False,False,False,clock 1,clock-1,,,
clock-10,security,1,True,False,False,False,clock 10,clock-10,,,
clock-11,security,1,True,False,False,False,clock 11,clock-11,,,
clock-12,security,1,True,False,False,False,clock 12,clock-12,,,
clock-2,security,1,True,False,False,False,clock 2,clock-2,,,
clock-3,security,1,True,False,False,False,clock 3,clock-3,,,
clock-4,security,1,True,False,False,False,clock 4,clock-4,,,
clock-5,security,1,True,False,False,False,clock 5,clock-5,,,
clock-6,security,1,True,False,False,False,clock 6,clock-6,,,
clock-7,security,1,True,False,False,False,clock 7,clock-7,,,
clock-8,security,1,True,False,False,False,clock 8,clock-8,,,
clock-9,security,1,True,False,False,False,clock 9,clock-9,,,
clock-alert,security,1,True,False,False,False,clock alert,clock-alert,,,
clock-countdown,security,1,False,True,False,False,clock countdown,,clock-countdown,,
clock-fading,security,1,True,False,False,False,clock fading,clock-fading,,,
detective,security,1,False,True,False,False,detective,,detective,,
key-round,security,1,True,False,False,False,key round,key-round,,,
key-square,security,1,True,False,False,False,key square,key-square,,,
keyhole,security,1,False,True,False,False,keyhole,,keyhole,,
lockers,security,1,False,True,False,False,lockers,,lockers,,
piano-keys,security,1,False,True,False,False,piano keys,,piano-keys,,
pyramid,security,1,True,False,False,False,pyramid,pyramid,,,
shield-ban,security,1,True,False,False,False,shield ban,shield-ban,,,
shield-half,security,1,True,False,False,False,shield half,shield-half,,,
shield-keyhole,security,1,True,False,False,False,shield keyhole,shield-keyhole,,,
shield-lock,security,1,True,False,False,False,shield lock,shield-lock,,,
square-dashed-top-solid,security,1,True,False,False,False,square dashed top solid,square-dashed-top-solid,,,
square-divide,security,1,True,False,False,False,square divide,square-divide,,,
tidal-logo,security,1,False,True,False,False,tidal logo,,tidal-logo,,
flag-banner,social,1,False,True,False,False,flag banner,,flag-banner,,
flag-off,social,1,True,False,False,False,flag off,flag-off,,,
flag-triangle-left,social,1,True,False,False,False,flag triangle left,flag-triangle-left,,,
flag-triangle-right,social,1,True,False,False,False,flag triangle right,flag-triangle-right,,,
peace,social,1,False,True,False,False,peace,,peace,,
steam-logo,social,1,False,True,False,False,steam logo,,steam-logo,,
book-type,text-formatting,1,True,False,False,False,book type,book-type,,,
briefcase-business,text-formatting,1,True,False,False,False,briefcase business,briefcase-business,,,
briefcase-conveyor-belt,text-formatting,1,True,False,False,False,briefcase conveyor belt,briefcase-conveyor-belt,,,
case-lower,text-formatting,1,True,False,False,False,case lower,case-lower,,,
case-upper,text-formatting,1,True,False,False,False,case upper,case-upper,,,
clipboard-type,text-formatting,1,True,False,False,False,clipboard type,clipboard-type,,,
file-type,text-formatting,1,True,False,False,False,file type,file-type,,,
highlight,text-formatting,1,False,False,False,True,highlight,,,,highlight
linear-scale,text-formatting,1,False,False,False,True,linear scale,,,,linear_scale
message-square-quote,text-formatting,1,True,False,False,False,message square quote,message-square-quote,,,
microsoft-word-logo,text-formatting,1,False,True,False,False,microsoft word logo,,microsoft-word-logo,,
pc-case,text-formatting,1,True,False,False,False,pc case,pc-case,,,
pilcrow-left,text-formatting,1,True,False,False,False,pilcrow left,pilcrow-left,,,
pilcrow-right,text-formatting,1,True,False,False,False,pilcrow right,pilcrow-right,,,
polyline,text-formatting,1,False,False,False,True,polyline,,,,polyline
publish,text-formatting,1,False,False,False,True,publish,,,,publish
quotes,text-formatting,1,False,True,False,False,quotes,,quotes,,
schema,text-formatting,1,False,False,False,True,schema,,,,schema
shape-line,text-formatting,1,False,False,False,True,shape line,,,,shape_line
square-pilcrow,text-formatting,1,True,False,False,False,square pilcrow,square-pilcrow,,,
swords,text-formatting,1,True,False,False,False,swords,swords,,,
table-rows,text-formatting,1,False,False,False,True,table rows,,,,table_rows
text-decrease,text-formatting,1,False,False,False,True,text decrease,,,,text_decrease
text-direction-l,text-formatting,1,False,False,False,True,format textdirection l to r,,,,format_textdirection_l_to_r
text-direction-r,text-formatting,1,False,False,False,True,format textdirection r to l,,,,format_textdirection_r_to_l
text-height,text-formatting,1,False,False,False,True,format size,,,,format_size
text-increase,text-formatting,1,False,False,False,True,text increase,,,,text_increase
tool-case,text-formatting,1,True,False,False,False,tool case,tool-case,,,
type-outline,text-formatting,1,True,False,False,False,type outline,type-outline,,,
whole-word,text-formatting,1,True,False,False,False,whole word,whole-word,,,
bicycle,time,1,False,True,False,False,bicycle,,bicycle,,
calendar-1,time,1,True,False,False,False,calendar 1,calendar-1,,,
calendar-fold,time,1,True,False,False,False,calendar fold,calendar-fold,,,
calendars,time,1,True,False,False,False,calendars,calendars,,,
diamond-alert,time,1,False,True,False,False,warning diamond,,warning-diamond,,
milestone,time,1,True,False,False,False,milestone,milestone,,,
package-2,time,1,True,False,False,False,package 2,package-2,,,
package-open,time,1,True,False,False,False,package open,package-open,,,
repeat-2,time,1,True,False,False,False,repeat 2,repeat-2,,,
repeat-off,time,1,True,False,False,False,repeat off,repeat-off,,,
step-back,time,1,True,False,False,False,step back,step-back,,,
steps,time,1,False,True,False,False,steps,,steps,,
timer-reset,time,1,True,False,False,False,timer reset,timer-reset,,,
3d-rotation,ui-actions,1,False,False,False,True,3d rotation,,,,3d_rotation
adb,ui-actions,1,False,False,False,True,adb,,,,adb
add-alert,ui-actions,1,False,False,False,True,add alert,,,,add_alert
add-task,ui-actions,1,False,False,False,True,add task,,,,add_task
add-to-drive,ui-actions,1,False,False,False,True,add to drive,,,,add_to_drive
ads-click,ui-actions,1,False,False,False,True,ads click,,,,ads_click
airline-seat-flat,ui-actions,1,False,False,False,True,airline seat flat,,,,airline_seat_flat
airline-seat-flat-angled,ui-actions,1,False,False,False,True,airline seat flat angled,,,,airline_seat_flat_angled
airline-seat-individual-suite,ui-actions,1,False,False,False,True,airline seat individual suite,,,,airline_seat_individual_suite
airline-seat-legroom-extra,ui-actions,1,False,False,False,True,airline seat legroom extra,,,,airline_seat_legroom_extra
airline-seat-legroom-normal,ui-actions,1,False,False,False,True,airline seat legroom normal,,,,airline_seat_legroom_normal
airline-seat-legroom-reduced,ui-actions,1,False,False,False,True,airline seat legroom reduced,,,,airline_seat_legroom_reduced
airline-seat-recline-extra,ui-actions,1,False,False,False,True,airline seat recline extra,,,,airline_seat_recline_extra
airline-seat-recline-normal,ui-actions,1,False,False,False,True,airline seat recline normal,,,,airline_seat_recline_normal
alarm-clock-minus,ui-actions,1,True,False,False,False,alarm clock minus,alarm-clock-minus,,,
align-horizontal-distribute-center,ui-actions,1,True,False,False,False,align horizontal distribute center,align-horizontal-distribute-center,,,
align-horizontal-distribute-end,ui-actions,1,True,False,False,False,align horizontal distribute end,align-horizontal-distribute-end,,,
align-horizontal-distribute-start,ui-actions,1,True,False,False,False,align horizontal distribute start,align-horizontal-distribute-start,,,
align-horizontal-justify-center,ui-actions,1,True,False,False,False,align horizontal justify center,align-horizontal-justify-center,,,
align-horizontal-justify-end,ui-actions,1,True,False,False,False,align horizontal justify end,align-horizontal-justify-end,,,
align-horizontal-justify-start,ui-actions,1,True,False,False,False,align horizontal justify start,align-horizontal-justify-start,,,
align-horizontal-space-around,ui-actions,1,True,False,False,False,align horizontal space around,align-horizontal-space-around,,,
align-left,ui-actions,1,False,False,False,True,subject,,,,subject
align-vertical-distribute-center,ui-actions,1,True,False,False,False,align vertical distribute center,align-vertical-distribute-center,,,
align-vertical-distribute-end,ui-actions,1,True,False,False,False,align vertical distribute end,align-vertical-distribute-end,,,
align-vertical-distribute-start,ui-actions,1,True,False,False,False,align vertical distribute start,align-vertical-distribute-start,,,
align-vertical-justify-center,ui-actions,1,True,False,False,False,align vertical justify center,align-vertical-justify-center,,,
align-vertical-justify-end,ui-actions,1,True,False,False,False,align vertical justify end,align-vertical-justify-end,,,
align-vertical-justify-start,ui-actions,1,True,False,False,False,align vertical justify start,align-vertical-justify-start,,,
align-vertical-space-around,ui-actions,1,True,False,False,False,align vertical space around,align-vertical-space-around,,,
all-inbox,ui-actions,1,False,False,False,True,all inbox,,,,all_inbox
all-out,ui-actions,1,False,False,False,True,all out,,,,all_out
announcement,ui-actions,1,False,False,False,True,announcement,,,,announcement
app-blocking,ui-actions,1,False,False,False,True,app blocking,,,,app_blocking
archive-box,ui-actions,1,False,False,True,False,archive box,,,archive-box,
archive-box-x-mark,ui-actions,1,False,False,True,False,archive box x mark,,,archive-box-x-mark,
archive-x,ui-actions,1,True,False,False,False,archive x,archive-x,,,
assignment,ui-actions,1,False,False,False,True,assignment,,,,assignment
assignment-add,ui-actions,1,False,False,False,True,assignment add,,,,assignment_add
assignment-late,ui-actions,1,False,False,False,True,assignment late,,,,assignment_late
assignment-return,ui-actions,1,False,False,False,True,assignment return,,,,assignment_return
assignment-returned,ui-actions,1,False,False,False,True,assignment returned,,,,assignment_returned
assignment-turned-in,ui-actions,1,False,False,False,True,assignment turned in,,,,assignment_turned_in
attribution,ui-actions,1,False,False,False,True,attribution,,,,attribution
auto-delete,ui-actions,1,False,False,False,True,auto delete,,,,auto_delete
axis-3d,ui-actions,1,True,False,False,False,axis 3d,axis-3d,,,
badge-minus,ui-actions,1,True,False,False,False,badge minus,badge-minus,,,
badge-plus,ui-actions,1,True,False,False,False,badge plus,badge-plus,,,
badge-x,ui-actions,1,True,False,False,False,badge x,badge-x,,,
balance,ui-actions,1,False,False,False,True,balance,,,,balance
ballot,ui-actions,1,False,False,False,True,ballot,,,,ballot
banknote-check,ui-actions,1,True,False,False,False,banknote check,banknote-check,,,
batch-prediction,ui-actions,1,False,False,False,True,batch prediction,,,,batch_prediction
bathroom,ui-actions,1,False,False,False,True,bathroom,,,,bathroom
bedroom-baby,ui-actions,1,False,False,False,True,bedroom baby,,,,bedroom_baby
bedroom-child,ui-actions,1,False,False,False,True,bedroom child,,,,bedroom_child
bedroom-parent,ui-actions,1,False,False,False,True,bedroom parent,,,,bedroom_parent
bell-check,ui-actions,1,True,False,False,False,bell check,bell-check,,,
bell-minus,ui-actions,1,True,False,False,False,bell minus,bell-minus,,,
bell-plus,ui-actions,1,True,False,False,False,bell plus,bell-plus,,,
biceps-flexed,ui-actions,1,True,False,False,False,biceps flexed,biceps-flexed,,,
block-flipped,ui-actions,1,False,False,False,True,block flipped,,,,block_flipped
book-check,ui-actions,1,True,False,False,False,book check,book-check,,,
book-copy,ui-actions,1,True,False,False,False,book copy,book-copy,,,
book-minus,ui-actions,1,True,False,False,False,book minus,book-minus,,,
book-open-check,ui-actions,1,True,False,False,False,book open check,book-open-check,,,
book-plus,ui-actions,1,True,False,False,False,book plus,book-plus,,,
book-text,ui-actions,1,True,False,False,False,book text,book-text,,,
book-x,ui-actions,1,True,False,False,False,book x,book-x,,,
bookmark-x,ui-actions,1,True,False,False,False,bookmark x,bookmark-x,,,
boom-box,ui-actions,1,True,False,False,False,boom box,boom-box,,,
boxes,ui-actions,1,True,False,False,False,boxes,boxes,,,
brain-cog,ui-actions,1,True,False,False,False,brain cog,brain-cog,,,
browse-gallery,ui-actions,1,False,False,False,True,browse gallery,,,,browse_gallery
browser,ui-actions,1,False,True,False,False,browser,,browser,,
browsers,ui-actions,1,False,True,False,False,browsers,,browsers,,
calendar-check-2,ui-actions,1,True,False,False,False,calendar check 2,calendar-check-2,,,
calendar-minus-2,ui-actions,1,True,False,False,False,calendar minus 2,calendar-minus-2,,,
calendar-plus-2,ui-actions,1,True,False,False,False,calendar plus 2,calendar-plus-2,,,
calendar-search,ui-actions,1,True,False,False,False,calendar search,calendar-search,,,
calendar-x-2,ui-actions,1,True,False,False,False,calendar x 2,calendar-x-2,,,
camera-rotate,ui-actions,1,False,True,False,False,camera rotate,,camera-rotate,,
chair-alt,ui-actions,1,False,False,False,True,chair alt,,,,chair_alt
change-history,ui-actions,1,False,False,False,True,change history,,,,change_history
chart-no-axes-column,ui-actions,1,True,False,False,False,chart no axes column,chart-no-axes-column,,,
chart-no-axes-column-decreasing,ui-actions,1,True,False,False,False,chart no axes column decreasing,chart-no-axes-column-decreasing,,,
chart-no-axes-column-increasing,ui-actions,1,True,False,False,False,chart no axes column increasing,chart-no-axes-column-increasing,,,
chart-no-axes-combined,ui-actions,1,True,False,False,False,chart no axes combined,chart-no-axes-combined,,,
chart-no-axes-gantt,ui-actions,1,True,False,False,False,chart no axes gantt,chart-no-axes-gantt,,,
check-fat,ui-actions,1,False,True,False,False,check fat,,check-fat,,
check-line,ui-actions,1,True,False,False,False,check line,check-line,,,
check-x,ui-actions,1,False,False,False,True,remove done,,,,remove_done
checkerboard,ui-actions,1,False,True,False,False,checkerboard,,checkerboard,,
circle-check-big,ui-actions,1,True,False,False,False,circle check big,circle-check-big,,,
circle-fading-plus,ui-actions,1,True,False,False,False,circle fading plus,circle-fading-plus,,,
circle-notifications,ui-actions,1,False,False,False,True,circle notifications,,,,circle_notifications
circle-wrench,ui-actions,1,False,False,False,True,build circle,,,,build_circle
circles-three-plus,ui-actions,1,False,True,False,False,circles three plus,,circles-three-plus,,
clipboard-copy,ui-actions,1,True,False,False,False,clipboard copy,clipboard-copy,,,
clipboard-document-check,ui-actions,1,False,False,True,False,clipboard document check,,,clipboard-document-check,
clipboard-document-list,ui-actions,1,False,False,True,False,clipboard document list,,,clipboard-document-list,
clipboard-list,ui-actions,1,True,False,False,False,clipboard list,clipboard-list,,,
clipboard-minus,ui-actions,1,True,False,False,False,clipboard minus,clipboard-minus,,,
clipboard-plus,ui-actions,1,True,False,False,False,clipboard plus,clipboard-plus,,,
clipboard-text,ui-actions,1,False,True,False,False,clipboard text,,clipboard-text,,
clipboard-x,ui-actions,1,True,False,False,False,clipboard x,clipboard-x,,,
clock-check,ui-actions,1,True,False,False,False,clock check,clock-check,,,
clock-x,ui-actions,1,False,False,False,True,cancel schedule send,,,,cancel_schedule_send
cloud-cog,ui-actions,1,True,False,False,False,cloud cog,cloud-cog,,,
cloud-x,ui-actions,1,False,True,False,False,cloud x,,cloud-x,,
code-off,ui-actions,1,False,False,False,True,code off,,,,code_off
code-xml,ui-actions,1,True,False,False,False,code xml,code-xml,,,
codesandbox-logo,ui-actions,1,False,True,False,False,codesandbox logo,,codesandbox-logo,,
cog-8-tooth,ui-actions,1,False,False,True,False,cog 8 tooth,,,cog-8-tooth,
columns,ui-actions,1,False,True,False,False,columns,,columns,,
columns-3-cog,ui-actions,1,True,False,False,False,columns 3 cog,columns-3-cog,,,
columns-4,ui-actions,1,True,False,False,False,columns 4,columns-4,,,
columns-plus-left,ui-actions,1,False,True,False,False,columns plus left,,columns-plus-left,,
columns-plus-right,ui-actions,1,False,True,False,False,columns plus right,,columns-plus-right,,
compress,ui-actions,1,False,False,False,True,compress,,,,compress
confirmation-number,ui-actions,1,False,False,False,True,confirmation number,,,,confirmation_number
contact-support,ui-actions,1,False,False,False,True,contact support,,,,contact_support
content-paste,ui-actions,1,False,False,False,True,content paste,,,,content_paste
content-paste-go,ui-actions,1,False,False,False,True,content paste go,,,,content_paste_go
content-paste-off,ui-actions,1,False,False,False,True,content paste off,,,,content_paste_off
content-paste-search,ui-actions,1,False,False,False,True,content paste search,,,,content_paste_search
copy-check,ui-actions,1,True,False,False,False,copy check,copy-check,,,
copy-minus,ui-actions,1,True,False,False,False,copy minus,copy-minus,,,
copy-slash,ui-actions,1,True,False,False,False,copy slash,copy-slash,,,
copy-x,ui-actions,1,True,False,False,False,copy x,copy-x,,,
credit-card-off,ui-actions,1,False,False,False,True,credit card off,,,,credit_card_off
css,ui-actions,1,False,False,False,True,css,,,,css
cursor,ui-actions,1,False,True,False,False,cursor,,cursor,,
cursor-click,ui-actions,1,False,True,False,False,cursor click,,cursor-click,,
cursor-text,ui-actions,1,False,True,False,False,cursor text,,cursor-text,,
dashboard-customize,ui-actions,1,False,False,False,True,dashboard customize,,,,dashboard_customize
database-check,ui-actions,1,True,False,False,False,database check,database-check,,,
database-minus,ui-actions,1,True,False,False,False,database minus,database-minus,,,
database-plus,ui-actions,1,True,False,False,False,database plus,database-plus,,,
database-search,ui-actions,1,True,False,False,False,database search,database-search,,,
database-x,ui-actions,1,True,False,False,False,database x,database-x,,,
density-large,ui-actions,1,False,False,False,True,density large,,,,density_large
density-medium,ui-actions,1,False,False,False,True,density medium,,,,density_medium
density-small,ui-actions,1,False,False,False,True,density small,,,,density_small
device-rotate,ui-actions,1,False,True,False,False,device rotate,,device-rotate,,
diamond-minus,ui-actions,1,True,False,False,False,diamond minus,diamond-minus,,,
diamond-plus,ui-actions,1,True,False,False,False,diamond plus,diamond-plus,,,
disabled-by-default,ui-actions,1,False,False,False,True,disabled by default,,,,disabled_by_default
disabled-visible,ui-actions,1,False,False,False,True,disabled visible,,,,disabled_visible
display-settings,ui-actions,1,False,False,False,True,display settings,,,,display_settings
door-back,ui-actions,1,False,False,False,True,door back,,,,door_back
door-closed,ui-actions,1,True,False,False,False,door closed,door-closed,,,
door-closed-locked,ui-actions,1,True,False,False,False,door closed locked,door-closed-locked,,,
door-front,ui-actions,1,False,False,False,True,door front,,,,door_front
door-sliding,ui-actions,1,False,False,False,True,door sliding,,,,door_sliding
doorbell,ui-actions,1,False,False,False,True,doorbell,,,,doorbell
dropbox-logo,ui-actions,1,False,True,False,False,dropbox logo,,dropbox-logo,,
dynamic-feed,ui-actions,1,False,False,False,True,dynamic feed,,,,dynamic_feed
dynamic-form,ui-actions,1,False,False,False,True,dynamic form,,,,dynamic_form
edit-square,ui-actions,1,False,False,False,True,edit square,,,,edit_square
exam,ui-actions,1,False,True,False,False,exam,,exam,,
exclude,ui-actions,1,False,True,False,False,exclude,,exclude,,
exclude-square,ui-actions,1,False,True,False,False,exclude square,,exclude-square,,
exit-to-app,ui-actions,1,False,False,False,True,exit to app,,,,exit_to_app
export,ui-actions,1,False,True,False,False,export,,export,,
eye-dashed,ui-actions,1,True,False,False,False,eye dashed,eye-dashed,,,
eyeglasses,ui-actions,1,False,True,False,False,eyeglasses,,eyeglasses,,
face-expressionless,ui-actions,1,True,False,False,False,face expressionless,face-expressionless,,,
face-slightly-smiling-plus,ui-actions,1,True,False,False,False,face slightly smiling plus,face-slightly-smiling-plus,,,
fax,ui-actions,1,False,False,False,True,fax,,,,fax
feed,ui-actions,1,False,False,False,True,feed,,,,feed
feedback,ui-actions,1,False,False,False,True,feedback,,,,feedback
file-axis-3d,ui-actions,1,True,False,False,False,file axis 3d,file-axis-3d,,,
file-box,ui-actions,1,True,False,False,False,file box,file-box,,,
file-cog,ui-actions,1,True,False,False,False,file cog,file-cog,,,
file-exclamation-point,ui-actions,1,True,False,False,False,file exclamation point,file-exclamation-point,,,
file-scan,ui-actions,1,True,False,False,False,file scan,file-scan,,,
file-sliders,ui-actions,1,True,False,False,False,file sliders,file-sliders,,,
filter-alt-off,ui-actions,1,False,False,False,True,filter alt off,,,,filter_alt_off
filter-list-off,ui-actions,1,False,False,False,True,filter list off,,,,filter_list_off
flag-checkered,ui-actions,1,False,True,False,False,flag checkered,,flag-checkered,,
flaky,ui-actions,1,False,False,False,True,flaky,,,,flaky
flutter-dash,ui-actions,1,False,False,False,True,flutter dash,,,,flutter_dash
folder-check,ui-actions,1,True,False,False,False,folder check,folder-check,,,
folder-closed,ui-actions,1,True,False,False,False,folder closed,folder-closed,,,
folder-kanban,ui-actions,1,True,False,False,False,folder kanban,folder-kanban,,,
folder-search,ui-actions,1,True,False,False,False,folder search,folder-search,,,
folder-search-2,ui-actions,1,True,False,False,False,folder search 2,folder-search-2,,,
folder-sync,ui-actions,1,True,False,False,False,folder sync,folder-sync,,,
framer-logo,ui-actions,1,False,True,False,False,framer logo,,framer-logo,,
fullscreen,ui-actions,1,False,False,False,True,fit screen,,,,fit_screen
funnel-plus,ui-actions,1,True,False,False,False,funnel plus,funnel-plus,,,
funnel-simple-x,ui-actions,1,False,True,False,False,funnel simple x,,funnel-simple-x,,
g-translate,ui-actions,1,False,False,False,True,g translate,,,,g_translate
gallery-horizontal-end,ui-actions,1,True,False,False,False,gallery horizontal end,gallery-horizontal-end,,,
gallery-thumbnails,ui-actions,1,True,False,False,False,gallery thumbnails,gallery-thumbnails,,,
gallery-vertical,ui-actions,1,True,False,False,False,gallery vertical,gallery-vertical,,,
gallery-vertical-end,ui-actions,1,True,False,False,False,gallery vertical end,gallery-vertical-end,,,
gear-fine,ui-actions,1,False,True,False,False,gear fine,,gear-fine,,
gender-intersex,ui-actions,1,False,True,False,False,gender intersex,,gender-intersex,,
gesture,ui-actions,1,False,False,False,True,gesture,,,,gesture
gif-box,ui-actions,1,False,False,False,True,gif box,,,,gif_box
git-branch-minus,ui-actions,1,True,False,False,False,git branch minus,git-branch-minus,,,
git-branch-plus,ui-actions,1,True,False,False,False,git branch plus,git-branch-plus,,,
git-pull-request-closed,ui-actions,1,True,False,False,False,git pull request closed,git-pull-request-closed,,,
globe-check,ui-actions,1,True,False,False,False,globe check,globe-check,,,
grid-2x2-check,ui-actions,1,True,False,False,False,grid 2x2 check,grid-2x2-check,,,
grid-2x2-plus,ui-actions,1,True,False,False,False,grid 2x2 plus,grid-2x2-plus,,,
grid-2x2-x,ui-actions,1,True,False,False,False,grid 2x2 x,grid-2x2-x,,,
grid-3x2,ui-actions,1,True,False,False,False,grid 3x2,grid-3x2,,,
grip,ui-actions,1,True,False,False,False,grip,grip,,,
group-work,ui-actions,1,False,False,False,True,group work,,,,group_work
hand-deposit,ui-actions,1,False,True,False,False,hand deposit,,hand-deposit,,
hand-eye,ui-actions,1,False,True,False,False,hand eye,,hand-eye,,
hand-grab,ui-actions,1,True,False,False,False,hand grab,hand-grab,,,
hand-grabbing,ui-actions,1,False,True,False,False,hand grabbing,,hand-grabbing,,
hand-helping,ui-actions,1,True,False,False,False,hand helping,hand-helping,,,
hand-metal,ui-actions,1,True,False,False,False,hand metal,hand-metal,,,
hand-palm,ui-actions,1,False,True,False,False,hand palm,,hand-palm,,
hand-peace,ui-actions,1,False,True,False,False,hand peace,,hand-peace,,
hand-platter,ui-actions,1,True,False,False,False,hand platter,hand-platter,,,
hand-pointing,ui-actions,1,False,True,False,False,hand pointing,,hand-pointing,,
hand-swipe-left,ui-actions,1,False,True,False,False,hand swipe left,,hand-swipe-left,,
hand-swipe-right,ui-actions,1,False,True,False,False,hand swipe right,,hand-swipe-right,,
hand-tap,ui-actions,1,False,True,False,False,hand tap,,hand-tap,,
hand-withdraw,ui-actions,1,False,True,False,False,hand withdraw,,hand-withdraw,,
hands-clapping,ui-actions,1,False,True,False,False,hands clapping,,hands-clapping,,
hands-praying,ui-actions,1,False,True,False,False,hands praying,,hands-praying,,
hard-drive-download,ui-actions,1,True,False,False,False,hard drive download,hard-drive-download,,,
hard-drive-upload,ui-actions,1,True,False,False,False,hard drive upload,hard-drive-upload,,,
heart-minus,ui-actions,1,True,False,False,False,heart minus,heart-minus,,,
heart-plus,ui-actions,1,True,False,False,False,heart plus,heart-plus,,,
heart-x,ui-actions,1,True,False,False,False,heart x,heart-x,,,
hide-source,ui-actions,1,False,False,False,True,hide source,,,,hide_source
highlight-alt,ui-actions,1,False,False,False,True,highlight alt,,,,highlight_alt
history,ui-actions,1,False,False,False,True,history,,,,history
history-toggle-off,ui-actions,1,False,False,False,True,history toggle off,,,,history_toggle_off
hls,ui-actions,1,False,False,False,True,hls,,,,hls
hls-off,ui-actions,1,False,False,False,True,hls off,,,,hls_off
how-to-vote,ui-actions,1,False,False,False,True,how to vote,,,,how_to_vote
html,ui-actions,1,False,False,False,True,html,,,,html
http,ui-actions,1,False,False,False,True,http,,,,http
image-minus,ui-actions,1,True,False,False,False,image minus,image-minus,,,
image-upscale,ui-actions,1,True,False,False,False,image upscale,image-upscale,,,
imagesearch-roller,ui-actions,1,False,False,False,True,imagesearch roller,,,,imagesearch_roller
inbox-stack,ui-actions,1,False,False,True,False,inbox stack,,,inbox-stack,
input,ui-actions,1,False,False,False,True,input,,,,input
inspection-panel,ui-actions,1,True,False,False,False,inspection panel,inspection-panel,,,
javascript,ui-actions,1,False,False,False,True,javascript,,,,javascript
join-full,ui-actions,1,False,False,False,True,join full,,,,join_full
join-inner,ui-actions,1,False,False,False,True,join inner,,,,join_inner
join-left,ui-actions,1,False,False,False,True,join left,,,,join_left
join-right,ui-actions,1,False,False,False,True,join right,,,,join_right
lasso-select,ui-actions,1,True,False,False,False,lasso select,lasso-select,,,
layers-minus,ui-actions,1,True,False,False,False,layers minus,layers-minus,,,
layers-plus,ui-actions,1,True,False,False,False,layers plus,layers-plus,,,
layout,ui-actions,1,False,True,False,False,layout,,layout,,
layout-freeform,ui-actions,1,True,False,False,False,layout freeform,layout-freeform,,,
layout-list,ui-actions,1,True,False,False,False,layout list,layout-list,,,
layout-panel-left,ui-actions,1,True,False,False,False,layout panel left,layout-panel-left,,,
layout-panel-top,ui-actions,1,True,False,False,False,layout panel top,layout-panel-top,,,
layout-template,ui-actions,1,True,False,False,False,layout template,layout-template,,,
light,ui-actions,1,False,False,False,True,light,,,,light
lightbulb-circle,ui-actions,1,False,False,False,True,lightbulb circle,,,,lightbulb_circle
lightbulb-outline,ui-actions,1,False,False,False,True,lightbulb outline,,,,lightbulb_outline
link-plus,ui-actions,1,False,False,False,True,add link,,,,add_link
linux-logo,ui-actions,1,False,True,False,False,linux logo,,linux-logo,,
list-end,ui-actions,1,True,False,False,False,list end,list-end,,,
list-filter-plus,ui-actions,1,True,False,False,False,list filter plus,list-filter-plus,,,
list-heart,ui-actions,1,False,True,False,False,list heart,,list-heart,,
list-magnifying-glass,ui-actions,1,False,True,False,False,list magnifying glass,,list-magnifying-glass,,
list-restart,ui-actions,1,True,False,False,False,list restart,list-restart,,,
list-sort-ascending,ui-actions,1,True,False,False,False,list sort ascending,list-sort-ascending,,,
list-sort-descending,ui-actions,1,True,False,False,False,list sort descending,list-sort-descending,,,
list-star,ui-actions,1,False,True,False,False,list star,,list-star,,
list-start,ui-actions,1,True,False,False,False,list start,list-start,,,
list-todo,ui-actions,1,True,False,False,False,list todo,list-todo,,,
list-tree,ui-actions,1,True,False,False,False,list tree,list-tree,,,
living,ui-actions,1,False,False,False,True,living,,,,living
login,ui-actions,1,False,False,False,True,login,,,,login
logout,ui-actions,1,False,False,False,True,logout,,,,logout
low-priority,ui-actions,1,False,False,False,True,low priority,,,,low_priority
mail-minus,ui-actions,1,True,False,False,False,mail minus,mail-minus,,,
mail-search,ui-actions,1,True,False,False,False,mail search,mail-search,,,
manage-search,ui-actions,1,False,False,False,True,manage search,,,,manage_search
map-minus,ui-actions,1,True,False,False,False,map minus,map-minus,,,
map-pin-check,ui-actions,1,True,False,False,False,map pin check,map-pin-check,,,
map-pin-check-inside,ui-actions,1,True,False,False,False,map pin check inside,map-pin-check-inside,,,
map-pin-minus,ui-actions,1,True,False,False,False,map pin minus,map-pin-minus,,,
map-pin-minus-inside,ui-actions,1,True,False,False,False,map pin minus inside,map-pin-minus-inside,,,
map-pin-plus-inside,ui-actions,1,True,False,False,False,map pin plus inside,map-pin-plus-inside,,,
map-pin-search,ui-actions,1,True,False,False,False,map pin search,map-pin-search,,,
map-pin-x-inside,ui-actions,1,True,False,False,False,map pin x inside,map-pin-x-inside,,,
map-plus,ui-actions,1,True,False,False,False,map plus,map-plus,,,
markunread-mailbox,ui-actions,1,False,False,False,True,markunread mailbox,,,,markunread_mailbox
matrix-logo,ui-actions,1,False,True,False,False,matrix logo,,matrix-logo,,
mediation,ui-actions,1,False,False,False,True,mediation,,,,mediation
message-circle-plus,ui-actions,1,True,False,False,False,message circle plus,message-circle-plus,,,
message-square-check,ui-actions,1,True,False,False,False,message square check,message-square-check,,,
message-square-x,ui-actions,1,True,False,False,False,message square x,message-square-x,,,
microsoft-excel-logo,ui-actions,1,False,True,False,False,microsoft excel logo,,microsoft-excel-logo,,
minus-small,ui-actions,1,False,False,True,False,minus small,,,minus-small,
mirror-rectangular,ui-actions,1,True,False,False,False,mirror rectangular,mirror-rectangular,,,
mirror-round,ui-actions,1,True,False,False,False,mirror round,mirror-round,,,
model-training,ui-actions,1,False,False,False,True,model training,,,,model_training
monitor-check,ui-actions,1,True,False,False,False,monitor check,monitor-check,,,
monitor-cog,ui-actions,1,True,False,False,False,monitor cog,monitor-cog,,,
mouse-pointer,ui-actions,1,True,False,False,False,mouse pointer,mouse-pointer,,,
mouse-pointer-2,ui-actions,1,True,False,False,False,mouse pointer 2,mouse-pointer-2,,,
mouse-pointer-2-off,ui-actions,1,True,False,False,False,mouse pointer 2 off,mouse-pointer-2-off,,,
mouse-pointer-ban,ui-actions,1,True,False,False,False,mouse pointer ban,mouse-pointer-ban,,,
mouse-pointer-click,ui-actions,1,True,False,False,False,mouse pointer click,mouse-pointer-click,,,
move-to-inbox,ui-actions,1,False,False,False,True,move to inbox,,,,move_to_inbox
music-notes-minus,ui-actions,1,False,True,False,False,music notes minus,,music-notes-minus,,
music-notes-plus,ui-actions,1,False,True,False,False,music notes plus,,music-notes-plus,,
network-x,ui-actions,1,False,True,False,False,network x,,network-x,,
next-plan,ui-actions,1,False,False,False,True,next plan,,,,next_plan
next-week,ui-actions,1,False,False,False,True,next week,,,,next_week
noise-aware,ui-actions,1,False,False,False,True,noise aware,,,,noise_aware
noise-control-off,ui-actions,1,False,False,False,True,noise control off,,,,noise_control_off
not-started,ui-actions,1,False,False,False,True,not started,,,,not_started
notebook-text,ui-actions,1,True,False,False,False,notebook text,notebook-text,,,
notepad-text-dashed,ui-actions,1,True,False,False,False,notepad text dashed,notepad-text-dashed,,,
notification-important,ui-actions,1,False,False,False,True,notification important,,,,notification_important
octagon-minus,ui-actions,1,True,False,False,False,octagon minus,octagon-minus,,,
octagon-x,ui-actions,1,True,False,False,False,octagon x,octagon-x,,,
on-device-training,ui-actions,1,False,False,False,True,on device training,,,,on_device_training
online-prediction,ui-actions,1,False,False,False,True,online prediction,,,,online_prediction
open-in-browser,ui-actions,1,False,False,False,True,open in browser,,,,open_in_browser
open-in-new-off,ui-actions,1,False,False,False,True,open in new off,,,,open_in_new_off
outbond,ui-actions,1,False,False,False,True,outbond,,,,outbond
outbound,ui-actions,1,False,False,False,True,outbound,,,,outbound
outbox,ui-actions,1,False,False,False,True,outbox,,,,outbox
output,ui-actions,1,False,False,False,True,output,,,,output
package-check,ui-actions,1,True,False,False,False,package check,package-check,,,
package-minus,ui-actions,1,True,False,False,False,package minus,package-minus,,,
package-plus,ui-actions,1,True,False,False,False,package plus,package-plus,,,
package-search,ui-actions,1,True,False,False,False,package search,package-search,,,
package-x,ui-actions,1,True,False,False,False,package x,package-x,,,
panel-bottom-close,ui-actions,1,True,False,False,False,panel bottom close,panel-bottom-close,,,
panel-bottom-dashed,ui-actions,1,True,False,False,False,panel bottom dashed,panel-bottom-dashed,,,
panel-bottom-open,ui-actions,1,True,False,False,False,panel bottom open,panel-bottom-open,,,
panel-left-close,ui-actions,1,True,False,False,False,panel left close,panel-left-close,,,
panel-left-dashed,ui-actions,1,True,False,False,False,panel left dashed,panel-left-dashed,,,
panel-left-open,ui-actions,1,True,False,False,False,panel left open,panel-left-open,,,
panel-left-right-dashed,ui-actions,1,True,False,False,False,panel left right dashed,panel-left-right-dashed,,,
panel-right-close,ui-actions,1,True,False,False,False,panel right close,panel-right-close,,,
panel-right-dashed,ui-actions,1,True,False,False,False,panel right dashed,panel-right-dashed,,,
panel-right-open,ui-actions,1,True,False,False,False,panel right open,panel-right-open,,,
panel-top-bottom-dashed,ui-actions,1,True,False,False,False,panel top bottom dashed,panel-top-bottom-dashed,,,
panel-top-close,ui-actions,1,True,False,False,False,panel top close,panel-top-close,,,
panel-top-dashed,ui-actions,1,True,False,False,False,panel top dashed,panel-top-dashed,,,
panel-top-open,ui-actions,1,True,False,False,False,panel top open,panel-top-open,,,
panels-left-bottom,ui-actions,1,True,False,False,False,panels left bottom,panels-left-bottom,,,
panels-right-bottom,ui-actions,1,True,False,False,False,panels right bottom,panels-right-bottom,,,
panels-top-left,ui-actions,1,True,False,False,False,panels top left,panels-top-left,,,
pencil-circle,ui-actions,1,False,True,False,False,pencil circle,,pencil-circle,,
pencil-simple-line,ui-actions,1,False,True,False,False,pencil simple line,,pencil-simple-line,,
pencil-simple-slash,ui-actions,1,False,True,False,False,pencil simple slash,,pencil-simple-slash,,
pencil-sparkles,ui-actions,1,True,False,False,False,pencil sparkles,pencil-sparkles,,,
perm-camera-mic,ui-actions,1,False,False,False,True,perm camera mic,,,,perm_camera_mic
perm-contact-calendar,ui-actions,1,False,False,False,True,perm contact calendar,,,,perm_contact_calendar
perm-data-setting,ui-actions,1,False,False,False,True,perm data setting,,,,perm_data_setting
perm-device-information,ui-actions,1,False,False,False,True,perm device information,,,,perm_device_information
perm-media,ui-actions,1,False,False,False,True,perm media,,,,perm_media
php,ui-actions,1,False,False,False,True,php,,,,php
pickaxe,ui-actions,1,True,False,False,False,pickaxe,pickaxe,,,
picnic-table,ui-actions,1,False,True,False,False,picnic table,,picnic-table,,
pinch,ui-actions,1,False,False,False,True,pinch,,,,pinch
pipe-wrench,ui-actions,1,False,True,False,False,pipe wrench,,pipe-wrench,,
pix-logo,ui-actions,1,False,True,False,False,pix logo,,pix-logo,,
plus-minus,ui-actions,1,False,True,False,False,plus minus,,plus-minus,,
plus-small,ui-actions,1,False,False,True,False,plus small,,,plus-small,
pointer,ui-actions,1,True,False,False,False,pointer,pointer,,,
pointer-off,ui-actions,1,True,False,False,False,pointer off,pointer-off,,,
polymer,ui-actions,1,False,False,False,True,polymer,,,,polymer
printer-check,ui-actions,1,True,False,False,False,printer check,printer-check,,,
priority-high,ui-actions,1,False,False,False,True,priority high,,,,priority_high
receipt-x,ui-actions,1,False,True,False,False,receipt x,,receipt-x,,
redo-dot,ui-actions,1,True,False,False,False,redo dot,redo-dot,,,
refresh-ccw-dot,ui-actions,1,True,False,False,False,refresh ccw dot,refresh-ccw-dot,,,
regex,ui-actions,1,True,False,False,False,regex,regex,,,
repartition,ui-actions,1,False,False,False,True,repartition,,,,repartition
report,ui-actions,1,False,False,False,True,report,,,,report
report-gmailerrorred,ui-actions,1,False,False,False,True,report gmailerrorred,,,,report_gmailerrorred
report-off,ui-actions,1,False,False,False,True,report off,,,,report_off
rotate-ccw-clock,ui-actions,1,True,False,False,False,rotate ccw clock,rotate-ccw-clock,,,
rotate-ccw-key,ui-actions,1,True,False,False,False,rotate ccw key,rotate-ccw-key,,,
rotate-ccw-square,ui-actions,1,True,False,False,False,rotate ccw square,rotate-ccw-square,,,
rotate-cw-fading-clock,ui-actions,1,True,False,False,False,rotate cw fading clock,rotate-cw-fading-clock,,,
rotate-cw-square,ui-actions,1,True,False,False,False,rotate cw square,rotate-cw-square,,,
rowing,ui-actions,1,False,False,False,True,rowing,,,,rowing
rows,ui-actions,1,False,True,False,False,rows,,rows,,
rows-4,ui-actions,1,True,False,False,False,rows 4,rows-4,,,
rows-plus-bottom,ui-actions,1,False,True,False,False,rows plus bottom,,rows-plus-bottom,,
rows-plus-top,ui-actions,1,False,True,False,False,rows plus top,,rows-plus-top,,
rule,ui-actions,1,False,False,False,True,rule,,,,rule
running-with-errors,ui-actions,1,False,False,False,True,running with errors,,,,running_with_errors
save-all,ui-actions,1,True,False,False,False,save all,save-all,,,
save-alt,ui-actions,1,False,False,False,True,save alt,,,,save_alt
save-as,ui-actions,1,False,False,False,True,save as,,,,save_as
save-check,ui-actions,1,True,False,False,False,save check,save-check,,,
save-off,ui-actions,1,True,False,False,False,save off,save-off,,,
save-pen,ui-actions,1,True,False,False,False,save pen,save-pen,,,
save-plus,ui-actions,1,True,False,False,False,save plus,save-plus,,,
saved-search,ui-actions,1,False,False,False,True,saved search,,,,saved_search
scale-3d,ui-actions,1,True,False,False,False,scale 3d,scale-3d,,,
scales,ui-actions,1,False,True,False,False,scales,,scales,,
scan-barcode,ui-actions,1,True,False,False,False,scan barcode,scan-barcode,,,
scan-box,ui-actions,1,True,False,False,False,scan box,scan-box,,,
scan-eye,ui-actions,1,True,False,False,False,scan eye,scan-eye,,,
scan-heart,ui-actions,1,True,False,False,False,scan heart,scan-heart,,,
scan-line,ui-actions,1,True,False,False,False,scan line,scan-line,,,
scan-search,ui-actions,1,True,False,False,False,scan search,scan-search,,,
scan-square,ui-actions,1,True,False,False,False,scan square,scan-square,,,
scan-text,ui-actions,1,True,False,False,False,scan text,scan-text,,,
scroll-text,ui-actions,1,True,False,False,False,scroll text,scroll-text,,,
sd-card,ui-actions,1,False,False,False,True,sd storage,,,,sd_storage
search-alert,ui-actions,1,True,False,False,False,search alert,search-alert,,,
search-check,ui-actions,1,True,False,False,False,search check,search-check,,,
search-code,ui-actions,1,True,False,False,False,search code,search-code,,,
search-off,ui-actions,1,False,False,False,True,search off,,,,search_off
search-slash,ui-actions,1,True,False,False,False,search slash,search-slash,,,
search-x,ui-actions,1,True,False,False,False,search x,search-x,,,
sensors,ui-actions,1,False,False,False,True,sensors,,,,sensors
sensors-off,ui-actions,1,False,False,False,True,sensors off,,,,sensors_off
separator-horizontal,ui-actions,1,True,False,False,False,separator horizontal,separator-horizontal,,,
server-cog,ui-actions,1,True,False,False,False,server cog,server-cog,,,
server-plus,ui-actions,1,True,False,False,False,server plus,server-plus,,,
settings-2,ui-actions,1,True,False,False,False,settings 2,settings-2,,,
settings-backup-restore,ui-actions,1,False,False,False,True,settings backup restore,,,,settings_backup_restore
settings-brightness,ui-actions,1,False,False,False,True,settings brightness,,,,settings_brightness
settings-cell,ui-actions,1,False,False,False,True,settings cell,,,,settings_cell
settings-ethernet,ui-actions,1,False,False,False,True,settings ethernet,,,,settings_ethernet
settings-input-antenna,ui-actions,1,False,False,False,True,settings input antenna,,,,settings_input_antenna
settings-input-component,ui-actions,1,False,False,False,True,settings input component,,,,settings_input_component
settings-input-composite,ui-actions,1,False,False,False,True,settings input composite,,,,settings_input_composite
settings-input-hdmi,ui-actions,1,False,False,False,True,settings input hdmi,,,,settings_input_hdmi
settings-input-svideo,ui-actions,1,False,False,False,True,settings input svideo,,,,settings_input_svideo
settings-overscan,ui-actions,1,False,False,False,True,settings overscan,,,,settings_overscan
settings-remote,ui-actions,1,False,False,False,True,settings remote,,,,settings_remote
settings-voice,ui-actions,1,False,False,False,True,settings voice,,,,settings_voice
shield-cog,ui-actions,1,True,False,False,False,shield cog,shield-cog,,,
shield-minus,ui-actions,1,True,False,False,False,shield minus,shield-minus,,,
sidebar,ui-actions,1,False,True,False,False,sidebar,,sidebar,,
sliders,ui-actions,1,False,True,False,False,sliders,,sliders,,
smart-button,ui-actions,1,False,False,False,True,smart button,,,,smart_button
smiley-x-eyes,ui-actions,1,False,True,False,False,smiley x eyes,,smiley-x-eyes,,
sort-ascending,ui-actions,1,False,True,False,False,sort ascending,,sort-ascending,,
sort-descending,ui-actions,1,False,True,False,False,sort descending,,sort-descending,,
spell-check-2,ui-actions,1,True,False,False,False,spell check 2,spell-check-2,,,
square-check-big,ui-actions,1,True,False,False,False,square check big,square-check-big,,,
square-dashed-kanban,ui-actions,1,True,False,False,False,square dashed kanban,square-dashed-kanban,,,
square-dashed-mouse-pointer,ui-actions,1,True,False,False,False,square dashed mouse pointer,square-dashed-mouse-pointer,,,
square-dashed-text,ui-actions,1,True,False,False,False,square dashed text,square-dashed-text,,,
square-menu,ui-actions,1,True,False,False,False,square menu,square-menu,,,
square-mouse-pointer,ui-actions,1,True,False,False,False,square mouse pointer,square-mouse-pointer,,,
square-x,ui-actions,1,True,False,False,False,square x,square-x,,,
squares-exclude,ui-actions,1,True,False,False,False,squares exclude,squares-exclude,,,
squares-plus,ui-actions,1,False,False,True,False,squares plus,,,squares-plus,
stack-minus,ui-actions,1,False,True,False,False,stack minus,,stack-minus,,
stack-plus,ui-actions,1,False,True,False,False,stack plus,,stack-plus,,
star-check,ui-actions,1,True,False,False,False,star check,star-check,,,
star-minus,ui-actions,1,True,False,False,False,star minus,star-minus,,,
star-plus,ui-actions,1,True,False,False,False,star plus,star-plus,,,
star-x,ui-actions,1,True,False,False,False,star x,star-x,,,
sticky-note-check,ui-actions,1,True,False,False,False,sticky note check,sticky-note-check,,,
sticky-note-minus,ui-actions,1,True,False,False,False,sticky note minus,sticky-note-minus,,,
sticky-note-plus,ui-actions,1,True,False,False,False,sticky note plus,sticky-note-plus,,,
sticky-note-x,ui-actions,1,True,False,False,False,sticky note x,sticky-note-x,,,
stream,ui-actions,1,False,False,False,True,stream,,,,stream
support-agent,ui-actions,1,False,False,False,True,support agent,,,,support_agent
swipe,ui-actions,1,False,False,False,True,swipe,,,,swipe
swipe-down,ui-actions,1,False,False,False,True,swipe down,,,,swipe_down
swipe-down-alt,ui-actions,1,False,False,False,True,swipe down alt,,,,swipe_down_alt
swipe-left,ui-actions,1,False,False,False,True,swipe left,,,,swipe_left
swipe-left-alt,ui-actions,1,False,False,False,True,swipe left alt,,,,swipe_left_alt
swipe-right,ui-actions,1,False,False,False,True,swipe right,,,,swipe_right
swipe-right-alt,ui-actions,1,False,False,False,True,swipe right alt,,,,swipe_right_alt
swipe-up,ui-actions,1,False,False,False,True,swipe up,,,,swipe_up
swipe-up-alt,ui-actions,1,False,False,False,True,swipe up alt,,,,swipe_up_alt
swipe-vertical,ui-actions,1,False,False,False,True,swipe vertical,,,,swipe_vertical
system-update-alt,ui-actions,1,False,False,False,True,system update alt,,,,system_update_alt
tab,ui-actions,1,False,False,False,True,tab,,,,tab
tab-unselected,ui-actions,1,False,False,False,True,tab unselected,,,,tab_unselected
table-2,ui-actions,1,True,False,False,False,table 2,table-2,,,
table-of-contents,ui-actions,1,True,False,False,False,table of contents,table-of-contents,,,
table-properties,ui-actions,1,True,False,False,False,table properties,table-properties,,,
tablet-smartphone,ui-actions,1,True,False,False,False,tablet smartphone,tablet-smartphone,,,
tablets,ui-actions,1,True,False,False,False,tablets,tablets,,,
tag-plus,ui-actions,1,True,False,False,False,tag plus,tag-plus,,,
tap-and-play,ui-actions,1,False,False,False,True,tap and play,,,,tap_and_play
text,ui-actions,1,False,False,False,True,text rotate up,,,,text_rotate_up
text-align-left,ui-actions,1,False,True,False,False,text align left,,text-align-left,,
text-align-right,ui-actions,1,False,True,False,False,text align right,,text-align-right,,
text-columns,ui-actions,1,False,True,False,False,text columns,,text-columns,,
text-cursor,ui-actions,1,True,False,False,False,text cursor,text-cursor,,,
text-cursor-input,ui-actions,1,True,False,False,False,text cursor input,text-cursor-input,,,
text-indent,ui-actions,1,False,True,False,False,text indent,,text-indent,,
text-initial,ui-actions,1,True,False,False,False,text initial,text-initial,,,
text-outdent,ui-actions,1,False,True,False,False,text outdent,,text-outdent,,
text-quote,ui-actions,1,True,False,False,False,text quote,text-quote,,,
text-rotate-vertical,ui-actions,1,False,False,False,True,text rotate vertical,,,,text_rotate_vertical
text-search,ui-actions,1,True,False,False,False,text search,text-search,,,
textbox,ui-actions,1,False,True,False,False,textbox,,textbox,,
ticket-check,ui-actions,1,True,False,False,False,ticket check,ticket-check,,,
ticket-minus,ui-actions,1,True,False,False,False,ticket minus,ticket-minus,,,
ticket-plus,ui-actions,1,True,False,False,False,ticket plus,ticket-plus,,,
ticket-x,ui-actions,1,True,False,False,False,ticket x,ticket-x,,,
time-to-leave,ui-actions,1,False,False,False,True,time to leave,,,,time_to_leave
tips-and-updates,ui-actions,1,False,False,False,True,tips and updates,,,,tips_and_updates
toggle-off,ui-actions,1,False,False,False,True,toggle off,,,,toggle_off
toggle-on,ui-actions,1,False,False,False,True,toggle on,,,,toggle_on
touch-app,ui-actions,1,False,False,False,True,touch app,,,,touch_app
touchpad,ui-actions,1,True,False,False,False,touchpad,touchpad,,,
touchpad-off,ui-actions,1,True,False,False,False,touchpad off,touchpad-off,,,
track-changes,ui-actions,1,False,False,False,True,track changes,,,,track_changes
transcribe,ui-actions,1,False,False,False,True,transcribe,,,,transcribe
trash-2,ui-actions,1,True,False,False,False,trash 2,trash-2,,,
tree-view,ui-actions,1,False,True,False,False,tree view,,tree-view,,
trending-right,ui-actions,1,False,False,False,True,trending flat,,,,trending_flat
troubleshoot,ui-actions,1,False,False,False,True,troubleshoot,,,,troubleshoot
try,ui-actions,1,False,False,False,True,try,,,,try
tv-off,ui-actions,1,False,False,False,True,tv off,,,,tv_off
undo-dot,ui-actions,1,True,False,False,False,undo dot,undo-dot,,,
unfold-less-double,ui-actions,1,False,False,False,True,unfold less double,,,,unfold_less_double
unfold-more-double,ui-actions,1,False,False,False,True,unfold more double,,,,unfold_more_double
unpublished,ui-actions,1,False,False,False,True,unpublished,,,,unpublished
upcoming,ui-actions,1,False,False,False,True,upcoming,,,,upcoming
upgrade,ui-actions,1,False,False,False,True,upgrade,,,,upgrade
user-circle-check,ui-actions,1,False,True,False,False,user circle check,,user-circle-check,,
user-circle-gear,ui-actions,1,False,True,False,False,user circle gear,,user-circle-gear,,
user-circle-minus,ui-actions,1,False,True,False,False,user circle minus,,user-circle-minus,,
user-circle-plus,ui-actions,1,False,True,False,False,user circle plus,,user-circle-plus,,
user-focus,ui-actions,1,False,True,False,False,user focus,,user-focus,,
user-gear,ui-actions,1,False,True,False,False,user gear,,user-gear,,
user-list,ui-actions,1,False,True,False,False,user list,,user-list,,
user-round-check,ui-actions,1,True,False,False,False,user round check,user-round-check,,,
user-round-cog,ui-actions,1,True,False,False,False,user round cog,user-round-cog,,,
user-round-minus,ui-actions,1,True,False,False,False,user round minus,user-round-minus,,,
user-round-plus,ui-actions,1,True,False,False,False,user round plus,user-round-plus,,,
user-round-search,ui-actions,1,True,False,False,False,user round search,user-round-search,,,
user-round-x,ui-actions,1,True,False,False,False,user round x,user-round-x,,,
vibration,ui-actions,1,False,False,False,True,vibration,,,,vibration
videotape,ui-actions,1,True,False,False,False,videotape,videotape,,,
view,ui-actions,1,True,False,False,False,view,view,,,
view-in-ar,ui-actions,1,False,False,False,True,view in ar,,,,view_in_ar
viewfinder-circle,ui-actions,1,False,False,True,False,viewfinder circle,,,viewfinder-circle,
voice-over-off,ui-actions,1,False,False,False,True,voice over off,,,,voice_over_off
weekend,ui-actions,1,False,False,False,True,weekend,,,,weekend
where-to-vote,ui-actions,1,False,False,False,True,where to vote,,,,where_to_vote
wifi-cog,ui-actions,1,True,False,False,False,wifi cog,wifi-cog,,,
wifi-sync,ui-actions,1,True,False,False,False,wifi sync,wifi-sync,,,
wrench-off,ui-actions,1,True,False,False,False,wrench off,wrench-off,,,
wrench-screwdriver,ui-actions,1,False,False,True,False,wrench screwdriver,,,wrench-screwdriver,
wysiwyg,ui-actions,1,False,False,False,True,wysiwyg,,,,wysiwyg
x-line-top,ui-actions,1,True,False,False,False,x line top,x-line-top,,,
x-logo,ui-actions,1,False,True,False,False,x logo,,x-logo,,
x-square,ui-actions,1,False,True,False,False,x square,,x-square,,
yard,ui-actions,1,False,False,False,True,yard,,,,yard
alarm-smoke,weather,1,True,False,False,False,alarm smoke,alarm-smoke,,,
app-window-mac,weather,1,True,False,False,False,app window mac,app-window-mac,,,
between-horizontal-start,weather,1,True,False,False,False,between horizontal start,between-horizontal-start,,,
between-vertical-start,weather,1,True,False,False,False,between vertical start,between-vertical-start,,,
brick-wall-fire,weather,1,True,False,False,False,brick wall fire,brick-wall-fire,,,
calendar-star,weather,1,False,True,False,False,calendar star,,calendar-star,,
campfire,weather,1,False,True,False,False,campfire,,campfire,,
circle-star,weather,1,True,False,False,False,circle star,circle-star,,,
cloud-backup,weather,1,True,False,False,False,cloud backup,cloud-backup,,,
cloud-drizzle,weather,1,True,False,False,False,cloud drizzle,cloud-drizzle,,,
cloud-hail,weather,1,True,False,False,False,cloud hail,cloud-hail,,,
cloud-moon-rain,weather,1,True,False,False,False,cloud moon rain,cloud-moon-rain,,,
cloud-rain-wind,weather,1,True,False,False,False,cloud rain wind,cloud-rain-wind,,,
cloud-sun-rain,weather,1,True,False,False,False,cloud sun rain,cloud-sun-rain,,,
cloudy,weather,1,True,False,False,False,cloudy,cloudy,,,
droplets,weather,1,True,False,False,False,droplets,droplets,,,
flame-kindling,weather,1,True,False,False,False,flame kindling,flame-kindling,,,
glass-water,weather,1,True,False,False,False,glass water,glass-water,,,
shield-star,weather,1,False,True,False,False,shield star,,shield-star,,
soap-dispenser-droplet,weather,1,True,False,False,False,soap dispenser droplet,soap-dispenser-droplet,,,
soundcloud-logo,weather,1,False,True,False,False,soundcloud logo,,soundcloud-logo,,
square-star,weather,1,True,False,False,False,square star,square-star,,,
star-and-crescent,weather,1,False,True,False,False,star and crescent,,star-and-crescent,,
star-of-david,weather,1,False,True,False,False,star of david,,star-of-david,,
star-off,weather,1,True,False,False,False,star off,star-off,,,
sun-horizon,weather,1,False,True,False,False,sun horizon,,sun-horizon,,
sun-moon,weather,1,True,False,False,False,sun moon,sun-moon,,,
sun-snow,weather,1,True,False,False,False,sun snow,sun-snow,,,
sunglasses,weather,1,False,True,False,False,sunglasses,,sunglasses,,
sunrise,weather,1,True,False,False,False,sunrise,sunrise,,,
sunset,weather,1,True,False,False,False,sunset,sunset,,,
thermometer-snowflake,weather,1,True,False,False,False,thermometer snowflake,thermometer-snowflake,,,
thermometer-sun,weather,1,True,False,False,False,thermometer sun,thermometer-sun,,,
wave-sawtooth,weather,1,False,True,False,False,wave sawtooth,,wave-sawtooth,,
wave-sine,weather,1,False,True,False,False,wave sine,,wave-sine,,
wave-square,weather,1,False,True,False,False,wave square,,wave-square,,
wave-triangle,weather,1,False,True,False,False,wave triangle,,wave-triangle,,
waves-horizontal,weather,1,True,False,False,False,waves horizontal,waves-horizontal,,,
waves-ladder,weather,1,True,False,False,False,waves ladder,waves-ladder,,,
waves-vertical,weather,1,True,False,False,False,waves vertical,waves-vertical,,,
windows-logo,weather,1,False,True,False,False,windows logo,,windows-logo,,
